DJNZ,AXJO,N225,DJSH,HSI,BSESN,MOEX,FTMIB,TA35,DAX,SSMI,IBEX,BFX,ATX,FTSE100,Bovespa,Dow
0.0,0.67,0.0,0.0,1.07,1.38,0.0,0.62,0.0,-0.42,0.0,0.69,-0.11,0.0,-0.28,-2.99,0.06
0.68,-0.1,-0.24,2.53,-0.57,-0.16,2.8,-4.92,-0.17,-2.99,-0.5,-3.45,-2.24,0.0,-2.0,-2.05,-1.86
-0.81,-1.57,-3.02,-0.09,-0.99,-3.07,3.14,-0.25,0.08,-0.04,-0.72,-1.22,-0.56,0.0,-0.79,1.02,-0.74
-0.08,-0.21,0.01,0.28,0.83,-0.29,0.0,-0.11,0.24,0.51,0.3,0.21,0.11,0.0,0.84,3.05,1.23
0.29,0.52,1.67,-2.23,0.65,1.36,4.5,3.69,0.51,3.36,2.68,2.26,2.8,0.0,2.34,0.97,1.84
0.24,1.56,0.18,-0.39,0.35,0.67,-2.07,-3.27,0.0,-1.92,-0.37,-3.91,-1.07,0.0,-1.05,-2.21,-0.95
0.43,-0.37,0.0,-1.41,0.45,0.46,-0.14,0.95,-0.19,1.38,0.52,0.81,0.3,0.0,0.0,-1.43,-0.54
0.51,-0.33,-0.64,0.11,0.79,-0.58,1.31,1.96,0.81,1.63,1.45,1.72,1.59,0.0,0.63,-0.2,-0.15
0.26,-0.95,-1.71,-0.22,-0.43,-0.29,1.39,-1.59,-0.64,-1.25,-0.94,-1.2,-1.08,0.0,-2.35,-0.82,-1.06
-0.16,-0.42,1.86,2.76,0.99,2.66,0.56,2.36,-0.14,2.2,-8.67,1.39,1.37,0.0,1.73,0.8,-0.61
-0.46,-0.6,-1.43,0.9,-1.02,0.17,1.81,2.18,0.0,1.35,-5.96,0.56,1.5,0.0,0.79,2.06,1.1
-0.15,-0.03,2.07,1.53,0.9,1.85,-0.34,0.91,0.07,0.14,0.32,1.24,0.21,0.0,0.52,0.25,0.02
0.81,1.61,-0.49,4.27,1.68,0.36,3.0,1.64,-0.07,0.41,-2.08,0.5,0.56,0.0,1.63,2.81,0.22
-0.45,0.49,0.28,0.77,0.7,0.41,2.99,2.44,-0.21,1.32,-0.11,1.7,1.02,0.0,1.02,0.44,1.48
0.54,1.51,1.05,0.13,1.34,0.94,0.31,0.24,0.0,2.05,2.02,0.67,1.38,0.0,0.53,-1.35,-0.79
0.33,0.26,-0.25,1.08,0.24,0.0,-1.76,1.15,0.06,1.4,1.66,1.08,1.29,0.0,0.29,-0.41,0.03
0.65,0.56,1.72,-0.63,-0.41,1.0,1.92,-0.53,-0.36,-1.57,1.28,-0.91,-0.54,0.0,-0.6,0.03,-1.65
0.87,0.1,0.15,-1.1,0.22,-0.04,-1.57,-0.81,-0.14,0.78,-1.09,-1.34,0.29,0.0,0.21,-1.85,-1.13
-0.45,0.3,-1.06,-1.15,-1.07,0.41,-0.49,0.56,-0.37,0.25,1.49,0.48,0.2,0.0,-0.22,0.14,1.31
-0.23,0.34,0.39,-1.39,-0.36,-1.68,0.49,-0.44,0.0,-0.41,-0.6,-0.99,-0.51,0.0,-0.9,-1.79,-1.45
0.18,0.42,-0.66,-2.02,-0.09,-0.21,-1.36,-0.09,-0.0,1.25,0.53,-0.72,0.23,0.0,0.49,1.58,1.14
0.45,1.46,-1.27,2.25,0.29,-0.42,1.79,2.57,0.61,0.58,0.27,2.62,0.52,0.0,1.32,2.76,1.76
-0.11,1.23,1.98,-0.89,0.51,-0.4,0.1,-0.33,0.13,0.19,1.85,-0.19,0.25,0.0,-0.17,0.69,0.04
0.17,0.58,-0.98,-0.99,0.35,-0.11,2.42,-0.59,0.28,-0.05,-0.74,-0.4,-0.24,0.0,0.09,-0.14,1.2
0.04,0.16,0.82,-1.62,-0.35,-0.46,3.5,-0.28,0.0,-0.54,0.51,0.36,-0.2,0.0,-0.18,-0.9,-0.34
-0.47,0.43,0.36,0.67,-0.64,-1.71,-0.39,-1.9,-0.27,-1.69,0.51,-1.97,-1.08,0.0,-0.24,1.21,-0.53
0.21,-0.25,-0.33,1.47,0.03,0.45,-0.35,1.76,0.28,0.85,-0.14,1.3,0.92,0.0,-0.12,-1.77,0.79
0.11,-0.54,0.0,0.76,-0.87,0.63,1.22,-0.77,-0.32,-0.02,-0.49,-1.29,-0.17,0.0,-0.16,-0.56,-0.04
-0.52,-0.44,1.85,0.4,0.44,0.95,2.22,2.13,-0.34,1.56,0.39,1.9,0.82,0.0,0.15,2.68,0.62
0.63,2.33,-0.37,0.95,1.07,1.01,1.96,0.96,0.0,0.4,0.48,1.68,0.24,0.0,0.67,2.23,0.26
-0.09,-0.52,-0.1,0.79,0.24,0.0,-0.38,0.47,0.13,-0.25,0.4,0.08,0.31,0.0,0.6,0.0,0.16
-0.15,0.98,1.18,0.0,0.19,0.63,0.88,1.85,0.59,0.6,0.6,1.0,0.62,0.0,-0.0,1.27,-0.1
-0.05,-0.19,0.36,0.0,0.0,0.48,-0.65,0.6,0.14,0.37,1.13,0.97,0.81,0.0,-0.13,0.03,-0.24
0.43,-0.38,0.37,0.0,0.0,-0.78,-0.29,0.24,0.0,0.44,-0.09,-0.29,-0.01,0.0,0.38,-0.11,0.86
0.14,0.27,0.73,0.0,0.02,-0.88,0.0,0.56,0.52,0.73,0.96,1.02,0.92,0.0,-0.04,0.08,-0.13
-0.53,0.32,0.74,0.0,-0.35,0.1,-1.15,0.84,-0.15,0.67,0.08,0.68,0.24,0.0,0.54,1.16,0.51
1.97,0.3,-0.1,-0.8,0.11,0.01,-1.46,-0.96,0.49,0.04,-0.08,-0.14,0.14,0.0,-0.21,-0.12,0.08
0.32,-0.61,1.08,2.23,0.5,-0.9,0.83,1.04,0.63,1.04,0.8,0.81,1.14,0.0,0.21,-0.1,-0.06
0.32,0.34,0.06,0.3,-0.32,1.65,-0.1,0.78,0.0,0.66,-0.39,0.35,0.02,0.0,-0.04,-0.34,-0.45
0.15,-0.13,0.15,1.01,0.26,0.33,1.39,-0.18,0.03,0.08,0.46,0.0,-0.03,0.0,-0.09,-1.09,0.86
-0.04,-0.42,-0.06,-1.94,-0.74,0.46,1.37,-1.39,-0.59,-1.14,-1.12,-1.47,-1.24,0.0,-0.74,0.56,-0.47
-0.37,-0.54,-0.59,0.69,-0.96,-0.72,-2.67,0.65,0.21,0.98,0.42,0.33,0.95,0.0,0.44,-1.63,-0.58
-0.21,0.04,0.26,-0.75,-1.11,0.23,0.07,1.22,0.0,1.0,0.47,0.66,0.79,0.0,0.61,-0.2,0.21
0.65,-0.09,1.17,-0.33,-0.12,0.0,-1.82,0.16,0.0,0.41,0.5,-0.29,0.03,0.0,-0.71,-0.76,-1.54
0.11,-0.59,-0.95,1.72,-0.17,-2.05,0.0,0.57,0.82,0.27,-0.37,-0.34,-0.51,0.0,-0.51,-1.6,0.78
-0.16,0.05,-0.67,-0.22,-0.94,-0.47,-3.65,-0.97,-0.26,-0.71,-0.26,-1.38,-1.19,0.0,-2.52,-1.8,-1.85
-0.5,-0.53,0.31,0.13,-0.75,-0.18,0.37,2.18,1.01,2.66,0.91,1.1,1.37,0.0,0.28,1.27,-0.16
0.41,0.98,1.43,1.64,0.34,0.95,-0.41,-0.11,0.25,-0.06,0.15,-0.09,-0.1,0.0,0.59,-0.05,1.47
0.3,-0.61,1.39,0.82,0.11,-1.48,-2.21,-0.42,0.0,0.87,0.4,0.2,0.33,0.0,-0.3,-0.58,-0.82
-0.18,0.58,-0.04,2.56,0.53,-0.23,-1.11,0.96,0.61,2.24,0.89,0.73,1.13,0.0,0.94,0.52,1.29
-0.26,0.77,0.99,1.5,-0.2,1.05,0.11,-0.91,0.0,-1.54,-0.42,-0.78,-0.92,0.0,0.49,2.94,-0.71
-1.13,0.0,0.55,2.14,0.91,-0.4,1.27,-0.69,1.0,-0.48,0.63,0.2,-0.21,0.0,1.57,2.47,1.27
0.2,1.86,-0.35,0.16,1.45,-0.53,-1.48,1.06,1.41,-0.2,0.78,0.37,0.17,0.0,0.25,-1.11,-0.65
0.21,0.41,0.43,1.25,-0.38,-0.73,1.29,1.63,0.0,1.18,0.73,2.96,0.84,0.0,0.86,1.99,0.94
0.09,-0.36,0.99,2.03,0.49,-0.24,-1.58,-0.52,-0.14,-1.19,-0.32,0.29,-0.38,0.15,0.22,-0.11,-0.06
-0.05,0.22,-0.21,-0.03,-0.39,-0.11,0.98,1.2,-0.72,0.92,-0.78,1.1,0.37,0.21,-0.26,-0.78,-0.58
-0.39,0.07,0.17,-0.5,0.53,-0.18,-0.19,-0.81,0.18,-1.17,-1.12,-0.99,-0.54,-0.57,-0.41,0.68,-1.62
-0.42,-1.58,-1.39,0.2,-0.13,-2.33,-2.08,-1.06,-1.07,-0.18,-1.15,-0.1,-1.12,-1.66,-1.37,-2.47,-0.23
0.19,0.7,-0.95,0.49,-0.04,0.0,-0.65,0.37,0.0,0.21,0.01,-0.23,0.26,-0.67,-0.58,-0.96,0.19
-0.19,-0.05,0.65,2.59,1.51,1.88,2.63,1.2,0.41,1.83,1.31,0.89,1.35,2.08,0.53,2.29,1.49
0.03,0.78,-1.05,-0.87,0.18,-0.07,0.83,-0.44,0.36,-0.99,-0.8,-0.07,-0.99,-0.25,-1.72,-0.18,-1.11
-0.06,-0.52,-0.9,1.85,0.73,1.08,2.2,0.87,0.31,0.29,0.09,0.42,0.45,1.26,0.54,2.29,-0.44
-0.07,0.65,1.46,0.48,0.77,0.0,1.04,-0.22,0.62,-0.28,-0.07,0.55,0.82,0.16,0.35,1.53,0.37
0.0,0.0,-0.19,0.0,0.0,0.86,1.14,0.0,0.11,0.0,0.0,0.0,0.0,0.0,0.0,1.16,0.66
0.41,0.46,1.25,2.24,0.0,0.04,-0.29,1.71,1.02,1.3,1.43,0.83,1.74,1.42,1.88,-0.02,-0.03
0.18,0.59,0.76,0.61,3.8,0.67,-0.71,-0.54,-0.6,-0.72,-0.14,-0.64,-0.21,0.33,-0.35,-0.13,0.15
-0.21,-0.48,0.75,-0.81,2.7,0.62,-0.95,0.96,0.0,1.08,1.57,0.68,1.06,0.93,1.12,0.26,0.31
-0.06,0.61,-0.15,2.18,1.22,-0.02,-0.63,0.31,0.0,1.71,0.83,0.13,0.88,0.23,1.06,0.76,0.55
0.07,-0.14,-0.01,2.14,2.73,0.57,1.28,0.55,0.5,-0.29,-0.44,1.0,-0.08,1.0,-0.36,0.05,-0.45
0.58,-0.23,0.02,0.57,-1.62,0.0,-1.84,-1.07,-0.62,-0.9,-0.16,-1.36,-0.36,-0.7,0.16,-0.48,0.33
-0.28,-0.64,-0.2,-1.76,0.21,-0.84,1.84,1.17,0.46,0.03,0.14,0.63,0.16,0.87,0.3,1.74,0.42
0.45,0.66,0.08,2.71,0.44,-0.46,0.54,-1.75,-0.02,-1.9,-0.32,-1.42,-0.91,-0.6,-0.51,-0.45,-0.04
-0.3,-1.17,-1.17,1.71,-0.31,-0.78,-1.79,-2.4,0.0,-2.58,-1.62,-2.17,-1.92,-1.72,-0.93,-1.32,-1.54
-0.11,-0.76,-0.09,-1.64,-2.02,-1.95,1.61,1.25,0.7,1.74,-0.02,0.22,1.08,0.72,0.82,-0.36,1.17
-0.09,0.67,1.4,2.25,2.79,-0.75,1.6,-0.4,0.23,0.4,0.6,0.33,0.05,0.92,0.15,0.0,-0.47
-0.33,-0.59,1.13,2.72,0.3,0.77,-1.91,0.32,0.0,-0.6,0.63,-0.2,-0.89,-0.57,-0.49,1.59,0.49
-0.61,0.12,0.27,0.19,-0.38,-0.56,-0.89,-0.5,0.0,-1.21,-0.21,0.23,-0.21,-0.16,0.36,1.95,0.11
0.02,1.51,-0.83,-0.55,0.84,-1.07,1.21,0.98,0.0,0.74,-0.39,0.7,0.37,0.94,0.24,1.63,0.12
0.0,0.83,-0.18,2.15,1.33,-0.95,-0.33,1.62,-0.2,1.93,0.51,1.17,1.16,0.9,0.47,-1.87,-0.23
0.06,-0.57,0.38,-1.68,0.03,0.81,0.04,-1.15,-1.45,-1.89,-0.96,-0.28,-1.09,-0.56,-1.03,0.5,0.4
-0.5,-1.85,0.0,0.95,-0.15,-0.62,-0.41,-2.28,-0.69,-3.21,-1.67,-1.97,-2.6,-2.27,-1.2,-0.87,-0.41
0.89,-0.83,-2.69,-0.36,-0.94,-0.79,1.04,0.22,-0.23,0.19,-0.31,0.05,-0.79,-0.01,0.21,1.63,-1.08
0.13,0.42,0.06,0.0,0.0,0.0,0.0,0.0,0.0,0.0,0.0,0.0,0.0,0.0,0.36,0.0,1.03
-0.11,0.23,0.0,0.88,-0.03,1.77,0.0,0.74,0.59,1.44,0.21,0.39,-0.05,1.07,0.0,2.0,0.26
0.3,-0.02,0.0,-3.99,-1.31,-0.18,1.98,-2.76,-0.8,-2.51,-0.79,-2.74,-1.97,-1.15,-0.84,1.22,-0.79
-0.45,-2.31,0.0,-1.18,-0.41,-2.63,-0.44,0.37,-0.52,0.2,-1.5,0.43,-0.31,-0.49,0.09,-1.63,-0.48
-0.47,-0.82,-1.23,-2.33,-1.27,-0.44,-1.59,0.8,0.65,0.51,-0.17,0.15,-0.1,1.71,-0.67,-0.32,0.46
0.13,-0.2,0.45,2.2,1.05,1.9,1.28,2.06,0.0,2.65,2.48,2.19,1.89,1.45,2.32,0.4,1.49
-0.14,-0.17,1.25,3.19,0.51,1.48,0.0,0.04,-0.09,-0.31,0.26,0.18,0.94,0.02,-0.24,0.08,-0.47
-0.13,0.88,0.02,1.65,-1.12,-2.29,-0.23,-0.93,-0.64,-1.72,-0.79,-1.08,-0.45,-0.78,-1.37,-0.71,-0.2
0.09,0.71,0.71,-0.36,-0.58,1.39,-1.31,0.46,1.24,-1.05,0.06,0.02,-0.34,1.01,0.23,-0.74,-0.04
-0.22,-0.33,-0.98,-0.15,0.14,-0.17,-0.28,1.45,-0.03,1.84,0.0,0.65,0.6,0.0,0.34,0.5,1.06
0.39,0.68,0.83,-1.45,1.96,0.43,0.83,-0.32,0.0,-0.98,0.65,-0.71,-0.16,0.82,-0.18,1.04,0.11
0.2,-1.33,0.8,-0.42,-0.83,1.33,-0.76,-1.17,1.13,1.29,0.95,0.24,0.32,-1.64,0.12,-1.82,0.14
-0.18,-0.77,0.68,3.19,0.37,-0.15,-1.14,2.22,1.51,2.23,1.08,1.35,1.52,0.19,0.38,-1.26,0.07
-0.06,-0.09,0.85,0.77,-0.39,0.69,-1.36,0.25,-0.15,-0.04,0.26,0.66,0.28,0.37,0.17,-1.08,-0.15
0.25,0.93,0.03,1.99,-0.22,-0.1,1.37,-0.14,0.57,0.14,0.49,0.18,0.27,-0.47,0.09,0.38,0.0
0.12,0.04,0.3,2.5,1.7,0.53,0.38,0.18,0.0,-0.42,-0.13,-0.36,0.1,0.03,0.26,-1.33,-0.29
0.07,0.91,0.12,2.16,0.92,-0.41,-0.23,0.18,-1.0,-1.61,-0.86,-0.72,-0.84,-1.66,-1.18,-1.79,-1.04
-0.54,-0.83,0.17,0.26,-0.6,0.12,0.56,2.29,-0.23,1.26,1.33,1.7,1.25,0.69,1.21,1.13,0.67
0.27,-0.21,0.39,-6.46,-2.23,-0.21,-0.2,-0.49,-0.58,-0.79,-0.02,-0.42,-0.2,-1.46,0.11,-0.48,-0.2
1.12,1.12,0.06,0.17,-0.11,1.17,-2.92,-1.05,0.0,-2.26,-1.67,-1.45,-1.2,-0.3,-0.8,-2.25,-0.64
0.03,-0.72,0.03,4.96,0.63,0.07,0.48,-0.26,0.36,0.19,0.32,0.18,-0.22,-0.56,-0.44,0.51,0.16
0.24,-1.73,-0.13,2.15,-0.47,-2.37,1.64,0.6,-0.07,-0.94,-0.68,0.3,-0.29,0.95,-0.36,2.27,-0.16
-0.23,-0.93,-0.34,0.03,0.69,-1.29,-0.88,0.14,0.7,0.8,0.53,-0.03,0.87,1.31,0.32,-1.32,0.36
0.23,-1.42,0.07,0.82,-0.38,-0.09,0.56,-1.15,-0.48,-0.69,-0.21,-1.08,-0.8,0.0,-1.31,0.0,-0.94
0.06,-0.11,-0.13,1.41,-1.06,-0.17,0.85,-2.1,0.0,-1.26,-1.39,-0.75,-1.23,-2.59,-0.8,-1.03,-0.31
0.24,0.0,-0.02,1.81,0.21,-0.92,-0.31,-0.9,0.24,-1.18,-0.49,-1.31,-0.68,-1.72,-0.21,-0.31,-0.46
-0.43,-0.49,-1.76,-0.5,-1.2,-0.16,1.04,-0.51,-0.93,-0.58,-0.89,0.19,-0.33,0.07,-0.53,0.01,-0.01
-1.01,0.13,-0.25,0.25,-1.12,1.36,-0.66,2.5,-0.33,2.4,1.36,1.46,1.49,1.74,1.13,2.01,1.33
0.85,1.42,1.68,0.44,0.83,-1.75,-0.05,0.35,0.66,0.6,0.48,0.53,0.23,-0.75,0.24,-0.35,0.22
-0.06,-0.21,0.12,0.86,1.39,0.21,0.0,-1.27,0.0,-1.2,-1.31,-1.13,-1.1,-1.32,-0.9,-0.64,-0.78
-0.13,-0.12,-0.09,-1.84,-1.53,0.61,0.31,-2.4,-1.04,-1.89,-1.13,-1.71,-1.61,-2.39,-1.1,-0.39,-0.6
-0.24,-0.05,-0.64,-3.46,-1.1,0.38,0.7,0.25,0.84,0.54,0.46,0.27,0.51,0.71,-0.01,1.06,0.64
-0.71,1.08,-0.19,1.55,0.7,0.55,-0.25,-0.71,0.0,-0.6,-0.65,-0.53,-0.66,-0.94,-0.44,-0.84,0.17
-0.59,-1.26,-1.13,-3.64,-0.22,1.06,-0.27,1.06,-0.19,1.11,-0.3,0.54,0.47,0.6,0.41,1.86,1.0
0.39,1.31,0.92,-6.54,0.25,0.74,0.17,1.07,0.0,-0.54,-0.15,0.67,0.14,-0.51,0.04,-0.9,-0.55
-0.13,0.24,1.26,0.0,1.2,1.52,0.53,3.47,-0.38,3.81,1.74,3.87,2.52,3.02,1.72,0.21,0.58
0.02,1.32,1.87,2.0,0.93,0.27,-0.87,0.35,-0.47,0.72,1.29,0.3,1.77,0.58,0.13,-0.17,0.13
0.05,0.04,0.28,2.3,0.26,-0.27,-0.32,-0.53,-0.41,-0.62,-0.61,-0.71,-0.66,-0.25,0.15,0.13,-0.98
-0.8,-0.95,-0.46,-3.61,-0.95,0.6,-1.2,0.85,-0.65,0.02,-0.4,-0.12,-0.23,-0.53,-0.54,-1.24,-0.42
0.45,-1.54,-0.31,-8.04,-1.78,-0.3,0.76,0.67,0.0,0.17,-0.42,0.57,0.22,0.4,-0.79,1.58,0.31
0.08,-2.23,-2.88,-4.45,-2.61,-0.6,-0.58,-5.17,-0.01,-3.56,-1.54,-4.56,-2.64,-3.28,-1.97,-1.86,-1.95
0.4,0.67,0.63,6.18,1.09,0.49,1.2,-0.48,0.45,-1.25,-0.99,-0.78,-1.28,-0.64,-1.5,0.13,0.13
1.25,1.04,0.46,-5.55,0.0,0.86,-0.9,2.15,1.51,2.15,1.46,1.32,1.86,2.05,1.34,-0.61,0.79
0.74,1.53,0.95,-4.56,0.12,-0.27,0.08,-1.43,-0.58,-0.73,0.59,-0.6,-0.46,-0.96,0.33,0.66,-0.16
-0.49,-1.14,-2.08,1.27,-3.18,0.41,-0.64,-4.03,0.33,-1.52,-0.56,-2.22,-1.53,-2.43,-0.76,-0.7,-0.26
0.36,1.94,1.31,-2.61,-1.03,-0.13,-0.44,-2.97,-0.18,-1.96,-1.11,-1.84,-1.58,-1.82,-1.58,0.37,0.53
-0.63,-2.0,-3.14,-6.78,-5.84,-1.72,-1.19,2.64,-0.88,0.66,1.01,0.81,0.64,1.25,0.91,-1.07,-1.47
-0.53,0.03,0.6,6.26,3.73,-0.41,1.23,3.51,1.04,2.32,1.5,2.65,2.46,2.2,1.4,0.0,0.19
-0.28,0.39,-0.38,5.47,2.08,0.32,0.58,3.0,0.0,2.9,1.66,3.08,2.38,2.19,1.39,1.56,1.21
-0.13,-0.34,1.57,3.52,1.3,1.08,1.17,1.0,1.19,1.49,1.27,1.7,2.02,1.97,0.97,1.01,1.22
0.7,1.9,1.47,-1.11,-0.41,-0.1,0.25,-0.3,0.02,0.28,0.66,0.3,0.2,-0.26,0.23,0.23,0.42
0.95,1.05,0.38,-4.29,-0.26,0.95,-0.35,1.28,0.24,0.2,0.09,0.69,0.83,-0.33,0.0,-0.63,-0.02
0.24,0.59,0.67,0.85,0.43,0.88,0.69,1.67,0.51,1.53,1.5,1.54,1.29,1.35,0.63,0.32,0.39
0.55,0.01,0.25,4.38,1.0,0.06,-0.15,-0.07,0.0,-0.37,-0.14,-0.26,-0.06,0.05,-0.31,-1.37,-0.19
0.24,0.3,0.0,0.67,-0.04,-0.15,-1.41,1.12,0.38,0.53,0.39,0.66,0.39,0.74,0.2,-1.42,0.08
0.24,0.35,0.93,0.81,0.52,-0.84,0.55,-1.32,-0.09,-1.12,-1.02,-0.84,-0.69,-0.42,-0.29,-0.24,-1.0
0.87,-1.61,-1.19,0.27,-0.99,1.15,-0.0,-0.13,-0.57,-0.72,-1.02,0.22,-0.43,-0.78,-1.5,-1.09,-0.38
-0.36,-0.43,0.44,2.69,0.46,-0.47,-1.19,-0.2,0.05,-0.07,0.99,-0.37,-0.1,0.11,-0.18,-2.18,-0.67
-0.12,-0.43,-0.67,-1.54,-1.06,-0.91,-1.27,-0.53,0.0,-1.43,-0.62,-1.16,-0.78,-0.65,-1.13,-1.13,-0.92
-0.06,0.43,-0.95,-8.48,-3.09,-1.96,-0.67,-2.97,-0.24,-2.56,-1.38,-1.45,-1.89,-2.09,-1.13,-1.04,-0.73
-0.39,-0.09,-0.1,-1.47,0.62,-0.37,1.24,2.27,0.73,1.06,0.88,0.96,0.49,1.01,0.77,1.78,1.09
0.34,0.71,-0.13,3.88,0.47,0.38,1.11,-0.34,0.43,0.34,1.21,0.27,-0.0,0.07,1.16,1.3,0.69
0.27,0.81,1.08,-2.55,-0.49,0.51,0.89,0.63,-0.3,0.4,0.1,-1.01,0.2,-0.03,0.57,-0.69,-0.03
0.45,0.52,0.3,-0.93,0.56,1.48,1.97,0.61,0.0,0.46,0.32,0.11,0.96,0.73,0.41,1.94,-0.32
0.11,-0.35,-0.18,-1.28,-0.91,0.26,-0.32,0.75,0.2,1.19,0.43,0.76,0.98,-0.0,-0.11,-1.43,-0.52
-0.41,0.33,-0.14,4.15,-0.02,-0.41,0.64,-1.02,-0.36,0.11,0.12,-1.02,0.05,-0.39,-0.03,-0.16,-0.27
0.1,-0.42,0.46,-1.65,0.44,0.54,1.11,1.87,0.68,1.57,0.49,1.16,0.79,0.48,0.98,0.46,-0.06
-0.04,-1.13,0.24,-0.73,-0.57,0.27,-1.03,-0.42,-0.4,-0.44,-0.72,-0.23,0.27,-0.8,-0.08,-0.55,-0.69
-1.02,-2.41,0.29,2.39,0.73,-0.22,0.88,-0.45,0.0,-0.81,-0.53,-0.67,-1.16,0.25,-0.42,-2.87,-0.27
-0.08,0.63,0.41,5.04,-0.13,-0.48,0.69,1.1,0.6,0.99,1.09,1.19,0.31,0.36,0.26,1.6,1.39
-0.67,-0.65,-0.42,-0.11,-0.09,-0.84,-0.24,-1.12,-0.63,-2.68,-0.91,-1.41,-1.53,-1.14,-1.06,-0.57,-1.21
-1.04,-1.67,-1.58,-1.09,-2.38,-1.27,-0.01,-2.96,-0.67,-3.27,-2.55,-2.44,-3.03,-2.19,-1.4,-1.39,-0.0
-0.34,0.11,0.99,1.92,0.43,0.14,0.38,1.56,0.66,0.82,1.54,0.62,0.97,1.59,-0.04,-0.78,0.03
-0.57,-0.58,-0.37,0.39,-0.12,1.88,0.49,-0.46,0.0,-0.27,0.23,-0.63,-0.66,0.03,-0.27,-1.04,0.4
0.11,0.21,0.49,1.06,-0.74,-0.67,-0.26,0.69,-0.12,-0.41,0.47,0.19,-0.03,-0.12,-0.01,-0.61,0.39
-0.23,-1.2,-0.32,-6.93,-1.43,-0.17,-0.98,-0.08,0.19,-0.22,-0.07,-0.02,0.25,0.47,-0.37,0.49,-0.19
0.62,1.45,-1.61,1.86,-1.31,0.36,-1.03,-1.77,-0.67,-2.14,-1.41,-1.06,-1.61,-0.75,-1.88,-1.82,-0.93
-0.12,-1.7,-0.94,-3.51,-1.77,-1.16,1.3,-2.6,-0.8,-2.34,-1.59,-1.81,-1.48,-1.99,-0.56,0.13,-2.06
-0.08,-1.4,-2.98,-4.72,-1.53,-0.88,-1.9,-2.83,0.0,-2.95,-3.36,-2.98,-3.01,-3.3,-2.83,-1.99,-3.12
-0.59,-4.09,-4.61,-8.72,-5.17,-5.94,-1.75,-5.96,-3.52,-4.7,-3.75,-5.01,-4.99,-4.68,-4.67,-3.03,-3.57
-0.12,2.72,-3.96,-7.46,0.72,1.13,1.47,5.86,2.58,4.97,3.42,3.68,3.87,3.62,3.09,0.47,-1.29
-0.68,0.69,3.2,-1.69,-1.52,-1.22,0.17,-0.81,-1.12,-1.29,-2.4,-1.29,-1.35,-0.92,-1.68,3.35,3.95
0.92,1.17,1.08,5.71,3.6,2.01,2.06,3.39,0.34,3.18,3.09,3.06,2.91,3.65,3.56,3.64,2.27
0.64,0.58,3.03,5.05,-1.04,0.61,1.41,-0.93,0.0,-0.17,-0.31,0.61,0.51,-0.58,0.9,-1.18,-0.07
-0.45,-1.07,-1.28,-0.39,0.27,-0.41,0.81,-0.24,-1.66,-0.38,0.45,-0.91,0.05,-0.46,0.0,-1.12,-0.69
0.08,-2.12,-3.84,-2.25,-2.24,-2.23,-2.03,-2.24,-0.98,-2.38,-2.3,-2.59,-2.18,-2.02,-3.03,-2.46,-2.84
-1.18,0.1,-0.39,-0.89,-1.18,-0.95,-0.42,0.75,1.87,0.32,0.06,-0.55,0.67,-0.72,0.41,2.17,1.82
-0.33,-1.44,0.48,0.0,0.0,1.22,1.17,2.62,0.87,2.68,1.73,1.05,1.31,1.85,1.82,1.94,0.14
-0.32,0.25,-2.15,0.0,-0.45,-2.18,-0.73,-3.18,0.0,-2.71,-1.4,-2.2,-1.63,-2.26,-2.44,-1.83,-1.66
0.48,1.69,-2.43,3.24,3.28,1.7,0.76,1.48,0.34,1.61,0.64,0.62,1.16,1.18,1.18,0.57,2.42
0.84,2.07,7.71,2.38,4.1,1.59,0.48,0.84,-0.61,0.31,1.27,1.74,1.27,0.67,1.35,-0.22,-1.45
-0.13,-2.42,-2.51,-1.19,-2.57,-0.38,-0.2,-1.02,-0.28,-0.9,-1.05,-1.78,-0.84,-0.74,-1.18,-0.33,0.47
-0.29,-0.47,-0.19,0.35,-0.27,-0.05,-0.05,-0.63,0.0,-0.85,-0.07,-1.23,-0.91,-0.67,-0.62,-0.22,0.63
0.01,0.5,-1.63,-2.54,0.27,0.96,0.68,-0.96,0.0,0.08,-0.98,-0.43,-0.61,-0.21,-0.54,1.9,-0.38
-0.24,-1.53,0.34,-4.24,-0.49,-0.58,-0.78,1.62,0.0,0.56,1.2,0.89,0.3,0.49,0.87,0.17,1.4
0.12,1.6,0.81,5.33,2.38,1.0,0.91,0.71,0.1,0.38,0.92,1.99,1.65,0.9,1.49,2.51,0.84
0.48,0.94,1.43,-2.06,-0.51,0.0,-0.15,0.18,-0.03,0.02,-0.25,1.3,-0.37,-0.1,-0.68,-0.0,-0.39
0.34,0.46,-1.96,0.74,0.3,0.98,-1.06,-2.65,0.0,-3.06,-1.25,-2.57,-1.4,-2.17,-1.34,-2.65,-1.74
-0.35,-2.02,0.0,2.09,-0.75,-0.1,-0.65,1.12,0.54,0.33,0.49,0.1,0.82,0.18,0.08,-1.43,0.77
0.21,0.74,0.0,0.9,0.18,-2.07,-2.09,-3.33,0.0,-3.8,-3.49,-3.11,-2.91,-2.0,-2.83,-0.7,-1.09
-1.25,-2.07,0.0,-2.19,-2.26,0.67,-1.42,0.18,0.0,0.44,-0.33,-0.79,0.26,0.23,1.62,-2.0,-0.31
0.36,1.47,-2.76,0.94,-0.97,0.16,-1.17,-2.31,-3.5,-1.92,-2.01,-1.93,-1.69,-1.48,-1.17,-0.11,-0.48
0.17,-0.58,1.76,-1.83,0.43,0.0,1.12,3.68,0.0,2.77,2.75,2.45,2.44,1.57,2.47,-1.02,0.7
0.12,1.42,-1.32,0.44,0.0,-0.95,-1.42,-2.72,0.0,-2.12,-1.47,-1.32,-1.79,-1.73,-2.46,-1.95,-1.92
-1.55,-3.81,-4.05,-2.02,-2.97,0.63,0.88,-0.16,-2.23,-0.35,-0.69,-0.0,-0.64,0.89,-0.83,0.4,0.3
-0.56,2.1,2.7,0.62,1.41,1.46,0.76,2.74,0.06,2.22,2.28,1.77,1.45,1.91,2.58,2.1,1.47
-0.24,1.8,1.92,0.0,0.0,0.25,-0.97,-0.71,-0.16,-1.57,-0.03,0.08,-0.52,-0.06,0.18,0.56,-0.08
0.21,-1.18,0.02,0.0,3.17,0.0,-0.89,1.19,0.0,0.46,0.06,0.38,0.47,0.36,0.95,3.8,1.23
0.06,0.02,1.58,0.0,1.62,2.15,2.47,2.73,0.0,2.74,2.65,3.83,2.85,2.6,2.76,1.2,1.85
0.64,0.33,1.0,0.0,-0.1,0.55,1.1,0.92,1.67,0.9,0.24,1.32,0.26,1.32,0.43,0.29,0.08
-0.32,0.59,0.75,0.0,3.13,0.38,0.53,-0.79,1.41,0.68,-1.4,0.66,-0.21,1.1,0.16,2.47,0.73
-0.54,0.24,-0.99,3.0,-0.71,-0.7,0.59,0.68,-0.99,0.23,0.41,0.11,-0.11,-0.09,0.61,0.39,0.82
0.25,1.33,1.64,1.39,0.46,0.87,2.32,0.46,0.0,1.04,0.07,1.26,0.19,0.59,0.65,0.47,0.2
0.15,-0.12,0.0,3.36,1.21,-0.65,-1.03,-0.75,-0.19,0.23,0.3,-0.61,-0.63,-0.16,-0.7,0.0,0.28
0.22,-0.57,-1.11,0.37,-0.57,-0.21,0.6,-0.19,-1.13,-0.86,-0.59,-1.28,-0.71,-1.83,-0.45,-4.0,-0.29
0.47,-0.11,-1.89,-1.09,-0.71,-0.25,0.13,-0.95,0.88,-1.17,-0.94,-0.77,-0.57,0.85,-1.15,-1.38,-0.92
0.88,0.63,1.15,2.52,2.0,0.86,0.52,1.74,1.11,1.5,0.93,0.64,0.67,1.31,1.1,0.96,1.28
0.82,0.73,1.08,1.61,0.78,0.76,-0.86,0.54,0.0,0.39,0.72,1.28,0.76,0.91,0.62,0.16,0.43
0.21,-0.21,-0.88,-0.09,0.04,0.55,-0.05,0.37,-0.36,0.59,-0.12,-0.24,0.4,-0.33,-0.4,0.45,0.08
1.08,-0.65,0.42,1.19,-0.37,-0.21,0.38,-0.67,0.11,-0.16,-0.64,-1.05,-0.16,0.25,-0.11,-0.78,-0.08
0.41,0.24,1.91,-3.59,0.0,-0.07,-0.74,-0.44,0.43,0.89,-0.55,0.56,-0.2,1.18,0.05,-0.11,-0.28
0.1,0.3,-0.64,1.82,-0.63,0.0,0.13,2.0,-0.14,2.48,2.17,2.05,1.03,2.05,0.44,1.59,1.87
0.75,1.67,2.11,1.52,1.34,0.67,0.78,0.53,0.0,2.88,1.38,1.07,1.71,0.23,1.06,-0.37,0.9
-0.04,-0.37,0.65,0.55,-0.15,-0.4,-0.77,-0.47,-0.33,0.06,-0.03,0.02,0.13,0.0,-0.42,-0.81,-0.13
0.54,-0.03,-0.9,0.28,0.11,-0.4,0.8,-1.15,-0.68,-1.01,-0.65,-1.49,-0.35,-2.31,-0.81,-0.35,-0.24
-0.02,-0.2,0.67,-1.99,-0.8,-0.78,0.04,1.41,0.11,1.31,0.93,0.96,1.87,1.03,1.14,-0.64,1.13
0.06,-1.28,0.17,0.49,-0.6,-0.75,-1.04,-1.07,0.47,-0.29,0.28,-0.24,0.21,-0.52,-0.65,-2.38,-0.13
-0.16,-0.52,0.78,-0.06,-0.79,-0.68,0.17,-0.0,0.0,0.46,-0.21,-0.35,0.37,-0.09,-0.54,0.53,-0.52
-0.04,-0.85,-2.1,-1.79,-1.19,-0.37,1.42,0.18,0.22,0.93,-0.03,0.55,0.67,0.53,0.01,0.0,0.94
0.62,1.42,0.0,-0.24,0.89,0.12,1.6,-0.1,0.31,0.0,-0.01,0.45,-0.4,0.41,0.34,4.76,0.5
0.8,0.06,1.3,4.54,2.15,-0.14,0.0,-0.65,0.02,-0.97,0.18,0.08,-0.0,-0.45,0.46,-0.71,-0.28
0.05,-0.94,1.0,1.77,-0.01,-0.94,0.15,-0.4,-0.08,0.39,0.43,-0.4,-0.26,-0.45,-0.75,0.71,-0.02
-0.1,0.42,0.78,2.14,-0.8,-0.15,-0.67,1.38,0.0,0.92,-0.22,0.21,1.36,2.98,-0.17,-2.35,0.26
-0.33,-1.14,1.96,1.25,-0.61,-0.55,-0.17,-1.88,-0.51,-1.57,-1.04,-1.22,-0.69,-0.69,-0.92,-1.54,-1.0
-0.74,-0.4,0.15,-0.06,-1.43,-1.45,-0.26,1.52,0.16,0.16,-0.3,0.11,-0.3,-0.0,-0.32,0.03,0.16
0.13,0.46,0.1,0.23,-0.22,0.47,-0.37,-0.26,0.6,0.7,0.39,0.39,1.18,-0.4,0.35,1.86,-0.32
0.14,0.06,0.03,-0.66,2.4,0.0,-0.03,-2.35,-1.06,-1.15,-0.76,-2.25,-1.27,-3.05,-1.88,-0.39,-1.44
-0.6,-1.45,-0.51,-1.14,-2.15,-0.98,-0.68,-0.08,0.0,-0.69,-0.76,-0.32,-0.17,0.29,-0.98,-0.78,-1.16
-0.47,-0.15,-1.04,0.76,-1.72,0.58,0.67,-0.14,1.85,0.05,-0.26,0.13,0.81,0.15,0.46,0.71,1.38
0.08,2.29,1.22,-0.13,1.15,0.41,2.73,2.28,0.85,2.41,2.58,2.36,1.72,1.81,1.99,0.86,0.04
0.22,0.29,0.09,-1.12,-0.34,-1.48,1.3,-0.98,0.69,-0.1,0.43,-0.99,-0.32,0.81,0.16,0.4,1.42
0.22,2.13,1.07,1.62,1.41,1.41,0.04,0.45,0.28,1.14,0.2,0.91,0.5,1.04,0.81,1.48,-0.02
0.19,0.26,0.1,0.47,1.13,0.1,0.86,-0.23,0.0,0.31,0.08,-0.62,0.02,-0.28,0.07,0.0,0.51
1.15,0.4,0.0,-0.61,-0.39,-0.19,2.26,0.7,-0.16,-0.25,-1.01,-0.13,-0.27,0.41,-0.46,0.02,-0.17
0.4,-0.95,0.23,-0.02,-0.35,-0.17,-3.11,-1.55,-0.72,-1.43,-1.3,-0.68,-0.55,-1.6,-0.45,0.28,0.11
-0.63,-0.63,-0.39,0.92,-0.4,0.0,1.3,1.87,-0.13,2.15,1.43,0.2,0.99,-0.53,0.96,-2.94,0.01
0.23,-0.16,-0.3,-5.56,-1.87,0.65,-1.78,-0.07,0.0,-0.24,0.39,-0.21,0.0,0.2,-0.28,-2.7,-0.08
-0.03,-0.78,-0.69,0.18,-0.33,0.07,-1.37,0.63,-0.16,0.78,-0.11,0.74,0.22,0.59,-0.3,-1.64,-0.44
0.73,1.93,1.34,0.53,1.75,0.09,0.11,-0.6,0.79,-1.06,0.0,-0.07,-0.45,0.52,0.62,-0.16,0.95
-0.21,-0.15,-0.37,2.36,0.44,-0.2,-0.16,-0.13,0.16,-0.63,0.26,-0.36,-0.3,-0.54,0.4,-0.29,-0.89
-0.28,-0.58,0.01,0.96,-0.28,-0.89,0.97,-2.47,-0.9,-3.58,-1.82,-2.41,-2.28,-1.38,-2.27,3.29,-1.42
-0.51,-1.46,-2.18,-1.64,-0.81,-0.96,-1.79,0.12,0.0,-0.34,-0.56,-0.14,-0.18,-0.22,-0.59,-2.23,2.12
-0.52,-1.14,0.99,0.54,-0.15,-0.42,-0.8,0.07,-0.74,1.25,0.25,-0.36,0.71,-0.74,-0.24,-0.3,-0.66
-0.45,-0.91,-1.04,-1.87,-1.34,-0.86,-1.28,-2.26,-0.86,-1.95,-1.41,-2.04,-1.37,0.0,-1.42,-1.72,-0.92
0.28,-0.55,-0.98,0.01,-0.46,-1.08,0.83,-0.17,0.13,-0.76,-0.88,-0.02,-0.87,-2.34,-0.14,3.75,-0.43
-0.14,-0.84,-1.32,-0.39,-0.45,0.86,-0.01,-0.42,-0.72,0.06,0.09,-0.58,-0.21,0.6,-0.63,-1.04,0.47
0.53,-0.16,0.97,-0.62,-1.11,-0.82,-0.73,-1.84,0.0,-2.44,-1.51,-1.51,-1.1,-2.01,-2.22,-0.81,-1.76
-0.56,-0.44,-1.8,2.57,-0.72,0.42,-0.67,-2.42,-0.48,-1.94,-1.49,-2.1,-1.29,-2.03,-1.32,-1.14,0.6
0.13,-0.39,-1.68,-0.22,-0.17,0.68,1.98,3.74,1.51,3.07,2.46,3.0,2.56,2.62,2.45,0.28,0.9
0.48,2.42,2.61,0.0,2.01,0.69,0.7,-0.29,-0.54,0.18,0.26,-0.01,0.93,1.55,0.72,0.32,1.28
0.23,1.46,1.59,1.91,0.79,1.21,1.5,1.48,1.16,2.57,0.61,1.72,1.68,-0.95,0.68,0.55,-1.43
0.32,0.09,-1.9,0.15,-0.53,-1.1,-3.47,-1.31,0.0,-1.21,-0.55,-1.63,-0.74,-0.39,-0.82,-2.98,-2.1
0.19,0.09,-0.37,2.25,0.17,0.85,-0.13,-0.67,0.22,-1.04,-0.75,-3.62,-0.95,-0.57,-0.29,-1.62,0.72
0.48,0.15,-0.16,0.38,0.18,-0.56,0.38,-0.19,-0.7,-0.09,-0.33,0.53,0.01,0.92,0.8,0.62,0.96
0.8,0.49,0.0,-0.39,0.96,1.01,1.42,1.88,0.64,2.28,2.23,2.39,2.07,1.53,2.6,1.25,1.06
0.45,1.28,-0.51,-0.73,0.44,-0.04,-0.29,0.0,1.3,0.0,0.0,0.43,0.06,0.0,0.22,0.0,-0.29
0.0,0.22,0.56,-2.81,-0.99,0.76,-0.17,-0.41,-0.6,-0.69,0.39,-1.35,-0.09,-0.24,0.0,-0.57,-0.14
1.09,0.92,0.58,0.93,0.36,0.17,1.86,1.37,0.65,1.94,1.64,1.23,1.75,0.03,0.96,-0.25,1.1
0.4,1.0,0.27,0.37,-0.53,-0.46,-0.11,-1.12,-0.43,-1.08,-0.73,-0.29,-0.51,0.03,-0.64,-0.7,-0.66
0.1,-0.45,0.0,-0.9,0.15,0.61,0.0,0.0,0.05,0.0,0.0,-1.01,-0.9,0.0,-0.51,0.0,-1.02
-0.0,-0.97,-3.06,-7.2,-2.68,-2.05,-1.52,-3.2,-1.09,-4.28,-1.83,-2.42,-1.55,-2.03,-2.39,-2.79,-1.58
-0.72,-1.63,-0.42,-0.1,-0.65,-0.17,1.13,1.2,0.48,0.26,0.52,0.24,0.29,0.61,0.72,0.66,0.06
-0.23,-1.18,-0.99,2.03,-0.98,-0.68,-0.32,-2.67,-0.52,-0.93,-1.01,-1.48,-1.08,0.0,-1.04,-1.52,-1.47
-0.72,-2.2,-2.33,-7.25,-3.09,-2.18,0.0,-1.14,-1.93,-2.29,-1.9,-1.5,-1.74,-2.76,-1.96,-2.58,-2.32
-0.89,-0.39,-0.39,1.84,0.59,0.33,0.0,-1.58,0.0,-1.31,-2.28,-1.66,-1.6,-3.33,-0.7,-0.2,-1.02
-0.88,0.53,0.0,-5.66,-2.76,-0.44,-3.78,-0.57,0.38,-0.25,-0.53,-0.26,0.0,-0.9,-0.69,-1.63,0.32
0.18,-0.14,-2.71,0.25,-0.89,-0.58,0.46,1.08,0.66,1.63,1.44,0.33,0.7,0.71,0.98,-1.09,0.72
0.62,1.26,2.88,-2.39,1.13,0.7,-0.33,0.85,-0.32,-0.25,0.99,0.21,0.27,-0.57,0.54,-1.44,-2.21
-0.67,-1.56,-2.68,2.14,-0.59,-0.33,-0.24,-1.67,-2.9,-1.67,-1.3,-1.64,-2.07,-1.55,-0.72,1.43,1.41
0.93,-0.34,-0.54,-3.37,-1.5,-1.28,-4.31,-3.07,0.0,-2.54,-2.39,-2.78,-2.05,-2.61,-1.93,-2.36,-2.39
0.42,0.91,0.55,3.2,2.07,1.21,1.43,1.04,0.54,1.5,1.54,1.01,1.28,2.11,1.68,0.32,0.17
-0.11,-1.26,-3.71,-1.3,-3.82,-1.71,-0.92,-4.83,-2.09,-2.82,-3.13,-3.2,-2.88,-3.36,-3.46,-1.08,-1.56
-0.55,0.46,-2.43,-3.29,-1.82,-0.41,2.87,4.2,0.45,1.94,0.86,1.97,2.15,1.88,1.77,0.19,0.74
0.7,1.07,5.88,1.18,2.9,1.98,2.43,1.63,0.0,1.99,2.94,3.3,2.83,2.74,2.19,0.83,1.33
0.86,1.84,0.9,0.7,1.36,0.21,-0.08,-2.03,-0.75,-0.29,-0.21,-1.78,-0.43,-0.0,-0.39,0.0,-1.29
-0.57,0.0,-2.35,-6.42,-2.48,0.0,-0.67,1.51,0.2,0.89,0.74,1.46,1.13,0.91,0.59,-1.4,1.78
-0.01,-1.2,2.72,-0.76,1.02,0.03,2.5,-0.4,-0.55,0.59,0.1,0.56,-0.4,-0.95,1.33,2.34,-1.38
0.09,0.6,-0.71,-3.25,0.75,-0.09,1.39,-3.49,0.3,-2.44,-2.04,-1.72,-1.49,-0.4,-0.98,0.66,0.79
0.31,0.59,2.8,3.3,2.54,1.64,0.73,2.57,0.0,1.64,2.04,2.62,2.25,1.55,2.56,4.6,2.47
0.04,0.76,1.98,-1.64,-0.45,-0.18,-0.66,-0.92,-0.36,-0.41,-0.11,-0.31,0.07,-0.99,-0.39,0.41,-0.1
0.13,-1.0,-0.64,2.43,-0.76,-1.15,-0.84,-3.05,-0.89,-1.81,-1.37,-2.96,-1.54,-0.52,-2.28,-4.87,-1.8
-0.71,-2.33,-3.15,-0.26,-2.34,-1.29,-0.68,-2.85,-0.64,-1.53,-0.89,-2.51,-1.73,-1.77,-1.43,2.57,1.13
0.06,2.12,-0.85,1.61,1.01,0.48,2.38,1.23,0.45,-0.44,-1.48,1.85,-0.8,1.04,1.06,3.11,0.49
0.32,-0.08,-1.32,-0.59,0.55,1.14,-0.41,-2.13,0.0,-1.14,-0.54,0.37,-1.28,0.76,-0.86,-0.56,-1.29
-0.01,-0.02,1.1,0.0,0.0,-1.34,-2.04,-4.69,-1.19,-3.3,-2.52,-4.44,-3.45,-4.86,-2.71,0.0,-1.1
-1.27,-2.88,-5.4,0.0,0.0,-1.1,-1.2,-3.21,-0.21,-1.11,-2.27,-2.39,-0.73,-2.68,-1.0,0.0,-0.08
-0.78,-1.17,-2.31,0.0,0.0,-1.09,0.43,5.03,0.32,1.55,1.96,2.73,1.64,1.5,0.71,-0.53,-0.62
-0.58,0.95,0.0,0.0,-3.85,-3.4,-1.11,-5.63,-2.75,-2.93,-3.04,-4.88,-2.78,-2.23,-2.39,-2.62,-1.6
-0.87,-1.16,-4.84,0.0,-1.22,0.15,0.84,4.7,0.0,2.45,2.13,2.25,2.33,3.91,3.08,1.25,2.0
0.72,1.37,0.2,3.34,1.08,-1.54,0.88,-0.49,-0.12,-0.78,-0.44,-0.51,-0.07,-0.69,0.65,2.13,1.39
0.16,-0.57,-1.36,0.98,-1.03,0.82,0.94,2.48,1.73,2.65,1.69,2.79,2.43,3.75,2.87,1.67,1.59
0.4,2.25,2.28,-0.18,2.32,1.14,2.08,-1.53,-0.82,0.92,-0.37,-0.83,-0.94,-2.25,-0.97,-0.37,-0.25
0.51,-0.79,-1.42,0.0,-0.4,0.25,-0.77,-1.19,0.0,-0.8,-0.67,-1.22,-0.43,0.51,-0.36,0.16,-0.13
-0.11,0.98,0.9,2.22,0.93,0.34,1.8,3.52,0.99,1.98,1.25,2.35,1.39,2.49,1.47,4.07,1.4
0.71,-0.43,-0.37,-0.88,-0.25,-1.59,0.0,-1.95,-0.42,-1.64,-1.94,-1.42,-0.94,-1.97,-1.25,-1.65,-1.14
0.96,-2.1,-0.85,0.99,-1.15,-1.37,-1.38,-2.59,-0.66,-2.64,-1.5,-3.07,-1.94,-1.63,-1.6,-1.03,0.32
-0.08,0.13,1.41,-6.59,-1.58,-0.49,0.37,2.3,0.45,1.79,1.36,2.52,1.78,0.94,2.48,-0.47,1.29
-0.06,-0.02,0.3,0.83,2.52,0.78,0.71,2.22,0.0,1.95,1.06,1.63,0.97,1.22,1.38,-0.7,-0.34
-0.07,0.02,-1.0,-2.99,-1.3,-0.66,1.29,0.8,-0.22,-0.19,-0.42,1.34,0.04,0.39,0.02,2.89,-0.74
0.69,0.85,0.37,1.79,1.55,3.38,0.22,2.21,0.32,2.34,1.51,1.77,1.68,1.74,0.92,3.1,2.11
0.27,2.01,4.11,4.35,3.07,1.95,-0.61,1.08,0.37,0.61,0.98,1.78,-0.03,0.69,-0.09,1.75,0.2
1.09,1.19,1.28,0.48,-0.31,1.5,1.41,0.78,0.13,-0.25,-1.11,0.03,-0.32,0.21,-0.27,5.12,0.26
0.61,0.18,0.32,0.36,1.18,0.16,1.05,-0.38,0.0,0.74,0.4,0.51,0.06,0.86,1.13,4.01,0.37
-0.05,1.04,-0.61,0.82,-0.08,0.0,1.67,-1.2,-0.09,-0.46,0.46,-0.28,-0.6,0.1,-0.27,0.33,0.4
0.44,-0.68,-0.76,0.19,-0.73,0.05,0.0,-0.23,0.21,-0.88,-0.6,-0.53,-0.8,0.19,-0.92,-0.29,-0.64
0.09,0.96,-0.84,-1.42,-0.08,0.55,-1.39,1.06,0.41,0.31,0.06,0.24,0.4,0.49,0.34,-0.89,0.21
0.46,-0.14,1.26,-2.05,-0.06,-0.69,0.09,-0.5,0.83,-2.31,-1.03,0.07,-0.87,-0.84,-1.78,1.86,-0.03
0.12,0.32,0.51,0.08,1.08,0.38,-0.43,4.8,0.0,3.51,1.33,3.69,2.11,2.47,1.71,0.14,1.28
0.02,0.37,1.74,1.83,1.17,0.35,-0.6,-0.03,0.01,1.62,0.25,0.57,0.62,1.73,0.57,-1.55,0.09
0.21,-1.43,-0.68,0.22,-0.72,-1.02,-0.55,-1.14,-0.29,-0.56,-0.8,-1.69,-0.79,-1.07,-0.56,-3.56,0.13
-0.25,0.15,-0.83,0.35,-0.15,0.53,0.87,-0.18,0.36,0.5,-0.47,-0.28,0.53,0.04,0.58,1.34,0.43
-0.23,0.96,-0.22,1.29,1.21,-0.02,1.05,-0.66,-0.37,-0.91,-0.69,0.18,-0.95,-0.11,0.42,6.6,0.9
0.79,0.29,-1.25,1.82,0.82,1.12,1.23,0.02,0.0,0.59,-0.61,0.81,0.43,0.86,-0.19,-0.19,0.69
0.08,-0.32,0.0,2.5,0.06,1.33,-0.5,0.46,0.02,-0.02,0.46,-0.33,-0.03,-0.78,-0.08,0.7,0.12
0.33,0.0,1.94,-0.61,-0.08,0.18,-0.05,0.01,0.2,0.42,0.04,-0.32,0.17,-0.28,0.13,-0.32,-0.23
-0.22,-0.47,-0.28,0.32,-0.25,0.03,-1.24,-1.26,-0.16,0.33,0.53,-0.72,0.11,-1.08,0.1,-2.59,-0.45
0.04,-1.13,-0.64,-1.72,-1.31,0.0,-0.7,-1.61,0.0,-1.71,-1.5,-1.54,-1.74,-2.04,-1.49,-0.07,0.08
0.01,0.0,0.77,-0.86,0.0,-1.46,-0.91,0.0,0.0,0.0,0.0,0.0,0.0,0.0,0.0,2.38,0.11
0.28,-1.57,-0.18,-1.28,0.1,-0.26,-0.22,0.03,-0.75,0.37,0.28,0.21,0.4,0.31,-0.01,0.62,0.56
0.48,0.12,-1.31,2.79,2.15,1.76,1.24,1.12,-0.09,1.6,0.61,0.7,1.1,2.1,1.59,0.18,0.47
0.5,1.45,-0.71,0.12,-0.13,0.01,0.16,-1.41,-0.83,-0.81,-0.47,-1.66,-1.36,-0.21,-0.46,-2.33,-0.18
-0.66,-1.64,-3.55,0.16,-1.34,-0.28,-0.77,-1.88,0.0,-1.71,-1.53,-1.38,-0.47,-0.17,-0.47,1.01,0.61
0.43,-0.08,-0.25,0.0,0.0,0.51,0.53,-0.77,0.21,0.28,0.57,-0.06,0.56,-0.6,0.3,-3.52,-0.31
-0.41,-1.42,-2.42,1.54,-1.57,-2.03,-0.51,-3.0,-0.87,-2.63,-0.75,-2.44,-1.6,-1.14,-1.19,0.56,-0.75
0.28,0.44,-0.11,-0.11,0.15,0.07,0.17,0.77,0.31,0.64,1.23,0.13,0.72,0.56,1.16,-1.95,0.64
0.29,0.37,0.22,-1.48,0.29,-0.86,-0.07,-2.45,-0.03,-0.98,-0.09,-1.26,-0.76,-1.31,-0.4,0.87,-0.98
-0.36,-0.53,0.46,-0.76,0.51,-0.05,0.99,4.08,0.0,0.96,0.72,1.62,1.03,1.4,1.1,3.67,0.2
-0.12,-0.12,-0.44,1.59,0.35,1.41,1.58,1.25,1.03,0.63,-0.84,0.83,0.45,0.24,-0.07,-0.25,-0.12
-0.06,0.89,1.13,-0.39,0.31,0.49,-0.4,-1.57,-0.25,0.81,0.48,0.57,0.05,0.2,0.68,3.66,0.94
0.77,1.59,2.84,1.35,3.19,1.91,1.77,4.13,1.3,2.71,1.87,3.21,1.99,1.9,1.93,2.21,1.06
0.65,1.26,3.23,0.61,0.85,0.0,-0.88,0.9,0.49,0.67,1.09,0.46,0.58,1.05,0.03,-1.39,0.1
0.29,0.76,-0.37,0.05,-0.1,0.0,-0.42,-0.39,0.0,-0.42,-0.08,-0.12,0.02,-0.62,-0.34,1.56,-0.16
0.08,-0.4,-3.4,-1.41,-0.73,0.74,-0.79,0.55,0.25,0.68,0.37,0.35,0.24,0.34,0.15,-0.63,0.6
0.35,1.01,3.68,0.36,1.3,0.0,1.98,0.49,0.66,2.27,1.34,1.01,0.89,1.16,0.82,1.54,0.27
0.42,0.52,0.19,-2.32,-0.93,0.11,1.56,1.14,-0.27,0.69,0.42,1.96,0.07,0.17,0.08,-0.15,0.24
0.01,1.09,2.7,-0.62,1.82,0.14,-0.52,0.4,-0.15,0.14,-0.33,0.55,-0.28,-0.37,-0.45,0.0,-0.63
-0.67,-0.69,1.2,0.43,-0.72,-0.16,0.88,-0.25,0.0,-0.6,-0.62,0.39,0.24,1.07,-1.11,-1.35,0.12
0.0,0.0,-0.76,-0.5,-0.76,-0.62,-0.6,-1.52,-0.82,-0.76,-0.36,-1.01,-0.88,-1.6,-0.78,-1.98,-0.15
-1.05,-0.3,-0.49,0.68,0.48,1.28,-0.46,1.45,-1.37,-0.34,-0.03,1.56,0.09,-0.33,0.38,2.35,0.07
-0.66,-0.63,-0.36,-0.41,-0.21,0.22,-0.61,0.43,-1.72,0.39,0.24,0.53,0.24,0.73,0.56,2.63,0.28
0.63,0.73,-3.61,-0.29,0.12,-1.77,1.82,1.21,0.0,0.21,0.03,-0.68,-0.08,0.6,0.04,-0.3,-1.17
0.45,0.51,0.0,-0.17,-1.5,0.01,-0.85,-1.98,0.0,-2.73,-1.71,-2.62,-1.94,-0.62,-1.27,-0.74,-0.32
-0.17,-0.18,-3.11,0.0,0.0,-0.66,0.0,-0.97,0.94,0.84,0.21,-0.04,0.35,-0.27,0.0,-0.65,0.66
0.73,2.11,0.0,1.91,-1.85,-0.81,0.0,-2.46,-0.88,-1.94,-1.59,-2.85,-1.2,-2.1,-0.9,-2.43,-0.78
-0.32,-1.54,0.0,-0.03,-0.73,-0.51,-1.41,-0.17,-0.59,-0.99,-1.24,-1.26,-1.37,-1.5,-1.19,0.56,-0.56
0.79,0.15,0.0,0.2,-0.37,0.64,-0.99,-0.07,0.32,0.24,0.0,0.41,-0.18,0.0,0.09,-1.68,0.05
0.3,0.24,-0.25,-2.97,-1.66,-0.13,-0.26,-0.45,0.0,0.18,-0.22,0.15,-0.06,-0.04,0.14,0.09,0.45
0.08,0.54,0.68,-2.68,0.23,1.82,0.0,-0.88,0.3,1.12,1.16,-0.47,0.3,-1.02,-0.18,-1.41,-0.2
0.32,0.42,2.15,-0.05,0.43,0.33,-0.85,1.41,0.76,0.65,1.41,1.32,0.82,0.56,0.68,4.08,1.26
0.52,0.55,0.08,0.15,-0.93,-0.68,1.26,-1.32,0.0,-0.7,0.04,-1.27,-0.6,-0.62,0.09,-0.58,-1.21
-0.3,-0.24,0.41,0.1,-0.7,0.75,-0.37,-0.26,0.0,-1.13,-0.66,-0.01,0.19,-0.5,-0.95,0.9,0.05
-0.08,-0.57,-1.41,-0.4,-0.99,-1.17,0.28,0.44,0.0,0.92,0.51,0.67,0.82,-0.11,0.56,-2.7,-1.05
0.22,0.56,0.33,0.84,0.84,0.64,0.43,0.04,-0.06,0.0,0.0,-0.45,-0.31,0.0,0.21,-0.0,1.0
0.87,0.69,1.13,-0.39,1.18,0.47,-0.33,-1.34,-0.07,-0.63,-0.24,0.19,-0.47,0.24,0.27,-1.86,-1.02
0.17,-0.74,-0.05,-1.14,-1.45,-0.27,0.43,1.23,0.76,0.54,0.85,0.88,0.07,0.19,-0.03,-0.55,-0.02
-1.2,-0.61,0.01,-0.06,-0.67,-1.19,-1.34,-0.95,-0.84,-1.48,-0.82,-1.14,-0.3,-1.28,-1.82,-0.85,-0.52
0.1,0.53,0.54,0.7,0.8,-0.39,-0.01,1.52,0.0,1.23,1.12,1.11,1.42,0.46,1.7,-0.82,0.38
0.0,-0.61,-0.49,0.54,-0.22,-0.28,-1.21,-2.74,0.42,-0.74,0.51,-0.65,-0.08,0.55,-0.32,-0.79,-0.05
-0.53,-0.44,-0.94,-0.89,0.11,0.3,0.84,3.34,1.01,2.18,1.08,2.34,1.66,1.6,1.35,0.03,1.22
0.48,1.45,1.57,-0.15,2.71,2.27,0.78,1.66,0.87,1.47,0.52,2.32,1.4,1.44,0.7,0.28,0.82
0.48,0.29,0.09,0.22,0.14,1.88,0.82,0.09,-0.71,0.66,0.76,-0.5,0.69,0.0,0.04,0.0,-0.13
0.64,0.33,0.37,-0.03,0.88,1.09,0.69,-0.17,0.0,0.13,0.76,0.31,0.21,-0.4,0.08,-0.87,0.25
0.19,-0.54,0.98,3.46,0.9,-0.22,-1.89,-1.45,-0.22,-0.68,-0.74,-0.91,-0.6,-0.51,-0.64,-1.01,-0.48
-0.25,-1.03,-1.62,-0.19,-0.26,0.17,-0.31,-1.19,-0.27,-0.57,-0.38,-1.3,-0.28,-1.71,-0.62,1.12,0.01
-0.25,-0.83,-2.32,0.33,0.47,0.48,-0.13,-0.24,0.31,0.03,0.25,0.46,0.23,0.42,-0.1,1.78,0.27
0.27,0.76,0.48,0.48,0.42,-0.0,-0.21,-1.53,0.0,-1.03,-0.7,-1.74,-0.62,-0.71,0.39,1.47,-0.18
0.01,0.78,-0.37,-0.24,0.4,-0.24,1.52,0.74,0.15,0.18,0.22,0.25,0.36,0.81,1.03,-0.37,0.64
0.18,0.2,0.58,0.0,1.42,0.87,1.86,1.99,0.15,1.65,0.61,0.8,1.25,1.35,0.18,0.11,0.1
-0.67,-0.02,0.93,-0.34,-0.14,0.04,0.01,-0.37,-0.6,-0.69,-0.88,-0.71,-0.09,-0.82,0.27,2.26,0.37
-0.31,-0.15,-0.97,0.0,0.0,-0.95,-0.85,-0.81,-0.63,-1.25,-0.83,-0.7,-0.7,-0.45,-1.1,-0.99,-0.11
0.06,-0.92,-0.4,0.0,-1.2,-0.48,-1.62,-3.62,0.0,-2.52,-1.9,-3.18,-2.19,-2.02,-1.86,-3.32,-0.67
-0.32,0.0,-3.51,-3.19,-2.52,-0.9,0.0,-2.91,-1.26,-1.8,-1.77,-2.2,-2.18,-2.35,-1.16,0.48,-0.74
-1.31,-2.06,-1.0,0.33,-0.61,-0.0,-0.93,-2.11,-0.17,-1.43,-1.84,-2.13,-1.78,-2.03,-2.01,-2.04,-0.33
0.54,-1.08,0.38,1.65,0.39,1.25,0.2,1.49,0.72,0.92,0.53,1.53,0.46,1.4,0.73,0.55,-0.2
0.26,-0.02,-3.05,-0.44,-2.1,-0.75,-1.06,-0.98,-0.82,-0.59,-0.58,-0.62,-0.9,-1.55,-0.27,1.02,0.53
-0.65,0.32,1.07,0.26,0.66,0.38,0.39,3.49,0.0,0.85,1.03,1.98,1.45,2.32,1.19,0.25,-0.33
0.0,1.82,2.34,0.06,1.69,0.91,1.37,2.54,1.22,3.43,2.42,3.41,2.77,2.48,3.04,1.61,0.73
-0.5,0.33,1.28,-0.37,0.77,-0.2,0.07,0.45,-0.12,0.54,0.45,0.23,0.6,0.35,0.36,1.01,0.14
-0.85,-0.07,-0.64,0.89,0.61,-0.18,-0.38,-0.62,0.35,0.55,0.46,0.4,0.0,0.6,0.56,-1.34,-0.27
0.59,0.19,1.07,-0.57,0.35,0.88,1.19,3.71,-0.07,1.85,0.64,2.11,1.31,1.28,1.23,2.8,1.29
-2.18,-3.17,-7.92,-1.31,-2.92,-2.24,-1.82,-12.48,0.0,-6.82,-3.44,-12.35,-6.4,-7.04,-3.15,-2.82,-3.39
1.36,0.47,2.39,1.51,-0.16,0.02,-2.26,-3.94,-0.35,-3.02,-1.97,-1.83,-4.06,-4.6,-2.55,-1.72,-1.5
0.42,-0.66,0.09,0.56,-0.27,0.46,0.84,3.3,0.72,1.93,2.36,2.48,2.18,1.99,2.64,1.55,1.57
1.29,0.77,1.59,0.65,1.31,0.81,1.66,2.21,0.52,1.75,2.64,3.45,2.75,2.42,3.58,1.99,1.64
1.35,1.77,0.06,-0.08,1.75,0.97,0.16,1.57,-0.11,0.71,0.52,0.72,1.45,0.91,2.27,1.03,1.33
0.43,0.25,0.68,0.11,0.0,0.54,0.29,0.61,0.0,0.99,0.81,1.29,0.55,0.39,1.13,1.37,0.11
0.46,-1.02,-0.67,0.45,-1.46,-0.41,-0.62,-1.45,-0.62,-1.82,-1.43,-2.28,-1.61,-2.72,0.35,-1.38,-0.61
0.13,-0.58,-1.85,0.31,-1.23,0.0,-0.86,-2.26,-0.49,-1.67,-0.55,-1.75,-1.46,-0.15,-1.25,0.11,0.44
0.42,0.58,-0.67,0.08,1.03,0.13,0.16,0.08,1.03,0.49,0.84,1.03,0.67,1.0,1.09,0.22,-0.13
-0.07,0.05,-1.11,-0.63,-0.69,-0.27,0.63,4.08,0.0,2.24,0.93,2.22,1.9,1.51,0.87,2.16,1.4
0.23,2.04,3.98,0.37,1.54,1.84,0.99,1.21,0.22,2.12,0.98,1.46,1.25,1.76,1.4,1.54,0.44
0.21,0.3,2.46,1.8,1.65,0.66,1.32,2.83,0.67,1.33,0.32,2.42,0.96,2.55,-0.03,0.55,0.66
-0.25,0.66,0.84,0.28,0.46,0.03,-0.13,-1.15,0.33,-0.33,-0.01,-0.38,-0.09,-1.3,-0.15,0.63,0.13
0.2,0.43,0.95,-0.07,1.12,0.46,0.34,1.63,0.81,1.39,0.39,0.93,0.83,3.53,-0.24,1.62,0.73
-0.14,0.33,0.68,-0.09,0.46,-0.38,-0.08,-0.29,0.0,-0.01,-0.22,-0.25,-0.22,0.34,0.22,0.18,0.05
0.48,0.53,0.0,-0.26,0.66,-0.32,-0.25,0.08,-0.09,-0.04,0.07,-0.08,0.05,0.04,0.39,1.63,0.09
0.73,-0.13,1.37,-0.19,-0.6,0.15,-1.04,-0.53,0.06,-0.81,-0.61,-0.46,-0.07,-0.48,0.03,0.38,0.14
0.25,0.69,-0.25,-0.3,0.97,0.46,-0.04,0.54,0.62,1.61,1.06,1.06,0.62,0.59,0.47,-0.21,0.19
0.54,0.43,0.77,0.51,0.54,-0.74,0.66,0.25,-0.04,0.14,-0.18,0.09,-0.07,-0.12,-0.43,0.11,-0.42
0.24,-0.26,-1.09,-0.87,-0.16,0.33,-0.04,-0.16,0.0,-0.09,0.15,0.19,0.62,0.68,0.46,0.64,0.29
1.05,0.64,-0.04,0.18,0.13,1.05,0.25,-0.52,-0.32,0.5,-0.0,-0.28,0.02,-0.49,-0.3,-0.23,-0.42
-0.05,0.07,-1.43,1.18,0.62,-0.42,0.35,0.03,-0.16,0.49,0.4,-0.18,0.17,0.29,0.21,-0.16,-0.1
-0.13,0.04,1.72,-1.82,0.4,0.17,0.01,0.99,-0.2,0.7,-0.07,1.18,-0.1,0.57,0.39,0.12,-0.01
0.03,0.31,-1.13,0.06,-0.2,0.66,0.81,-2.02,-0.45,-0.43,-1.54,-2.1,-1.03,-0.66,-0.44,-0.33,-0.09
0.57,0.1,0.56,-0.6,-1.28,-0.56,-0.5,1.96,0.0,0.61,0.4,1.27,1.36,0.24,0.05,1.13,-0.13
0.2,0.45,0.4,-0.94,1.09,-0.17,0.14,-1.73,0.24,-0.07,0.0,-0.86,-1.11,-1.09,-0.45,-0.96,-0.15
-0.4,-0.84,-1.47,0.6,0.0,-0.08,-1.78,-2.76,-0.98,-1.8,-1.43,-2.77,-1.78,-1.27,-0.73,-1.05,-0.49
-0.67,-1.35,-1.88,0.24,-1.76,-1.02,0.34,0.2,0.21,0.26,-0.01,-0.17,1.06,-0.66,-0.17,1.63,0.23
0.27,0.18,1.07,0.15,0.43,0.06,1.34,0.66,0.43,0.57,0.89,1.48,0.77,0.97,1.59,0.91,-0.02
0.16,0.39,-0.0,-0.09,1.44,1.31,-0.03,2.4,0.0,1.36,1.4,1.84,1.09,1.93,0.79,0.12,1.04
0.2,0.73,2.44,0.95,1.57,0.37,0.65,0.71,0.03,0.63,-0.31,0.27,-0.01,0.79,0.23,-0.04,-0.08
0.21,0.27,0.69,0.72,-0.13,-0.35,-0.03,0.31,0.06,2.5,0.74,1.2,0.85,1.2,0.62,0.09,0.02
-0.21,-0.16,-0.18,-0.29,0.12,-1.1,-0.7,-0.03,-0.78,-0.39,-0.25,-0.08,-0.09,-0.32,0.22,-1.33,-0.2
0.13,-0.64,0.0,-0.58,0.39,0.31,0.49,1.06,0.32,0.86,1.06,0.7,1.29,0.14,0.7,2.42,0.64
0.13,0.42,1.1,1.69,0.83,1.05,0.77,0.17,0.0,-0.27,-0.01,-0.04,0.27,0.62,0.02,-0.0,-0.2
0.33,0.16,-0.3,2.63,0.73,0.0,0.51,0.0,0.34,0.24,0.12,0.05,0.52,0.0,0.36,1.45,0.32
-1.11,-0.14,-1.62,-0.44,-0.09,-0.31,-0.07,-1.21,-0.33,-0.58,-1.08,-1.13,-1.09,-0.35,-0.68,-0.49,-0.45
0.66,0.05,0.9,0.05,-0.48,-0.21,-0.33,-1.58,-0.17,-1.3,-0.75,-1.56,-0.82,-1.09,-0.5,0.8,0.12
0.43,-0.49,-1.55,-0.16,0.98,0.42,0.04,0.88,0.23,0.62,0.44,0.74,0.65,0.71,0.14,-0.27,0.13
0.28,0.34,0.36,0.16,-0.37,-0.17,-0.53,-2.18,0.0,-0.55,-0.76,-1.16,-0.44,0.03,-0.15,-0.11,-0.24
0.56,-0.21,0.32,-0.84,0.26,-0.33,0.99,0.36,0.04,-0.47,0.38,0.21,0.23,-0.5,-0.44,-2.23,-0.12
0.08,0.7,-0.61,0.09,0.0,0.02,0.53,2.5,0.09,0.94,0.54,1.33,0.99,1.45,0.59,0.41,0.1
-0.81,0.14,0.61,-0.24,-0.77,0.25,-0.3,0.68,-0.32,0.28,-0.02,0.87,0.27,0.82,-0.48,-0.52,-0.35
0.23,-0.36,-0.25,-0.67,-0.03,-0.8,0.1,-1.07,-0.96,-0.88,-0.71,-0.65,-0.56,-0.6,-0.28,0.01,-0.18
-0.47,-0.48,-1.18,0.15,0.41,-0.19,0.39,0.8,0.0,0.55,0.33,0.7,0.43,0.76,0.31,-0.01,-0.29
-0.31,-0.84,2.3,-0.01,-0.38,0.43,-0.33,-1.12,-0.08,-0.41,0.19,-0.5,-0.24,0.27,0.0,1.55,0.58
0.27,0.17,-0.07,0.14,0.85,1.58,-0.05,1.42,0.17,1.07,0.63,0.8,0.43,0.63,-0.25,-0.06,-0.26
0.17,-0.83,0.97,0.31,-0.17,0.39,-0.71,0.31,-0.13,-0.61,-0.41,0.36,-0.1,-0.78,-0.58,-1.15,-0.29
0.27,-0.32,0.23,-0.7,0.81,-0.1,0.27,-0.12,-0.13,-0.55,-0.73,0.53,0.17,0.87,-0.52,0.58,0.1
0.07,-0.79,-0.01,0.24,0.45,0.38,1.36,1.54,0.0,1.42,1.86,1.67,2.05,1.48,2.2,2.37,0.39
0.15,-0.29,0.26,0.71,0.58,1.56,1.1,-0.8,-0.05,0.14,-0.07,-0.6,-0.21,0.03,-0.78,0.95,0.25
0.89,0.2,-0.41,0.07,-0.19,-0.18,0.7,1.41,0.59,0.62,0.2,1.3,0.16,0.55,0.3,0.0,-0.06
-0.66,-0.71,-0.32,0.16,0.75,0.41,-0.15,0.48,-0.21,-0.72,-0.07,0.95,-0.4,0.8,0.18,0.17,-0.25
-0.89,-0.87,0.04,-0.58,0.75,-0.85,-1.1,-1.26,0.0,-0.95,-0.61,-0.83,-1.07,-0.78,-1.19,-3.71,-2.13
-0.56,-2.24,-1.73,-1.83,-3.36,-1.54,-0.41,-1.84,0.29,-1.34,-0.7,-1.76,-0.99,-0.78,-1.12,1.01,1.32
-0.51,-0.23,0.34,0.04,-0.32,0.0,-0.76,-1.74,-0.45,-0.43,-0.38,-1.61,-1.13,-0.81,-0.53,-3.01,-1.41
-0.59,0.38,-0.69,-0.71,-0.11,0.07,-0.0,-0.05,0.11,-0.08,-0.15,-0.25,-0.11,-1.14,0.12,0.42,-0.18
-0.25,0.23,-1.26,0.0,0.63,0.14,-0.39,0.34,0.16,0.51,0.27,0.21,0.57,0.72,0.85,1.49,0.99
0.73,1.08,0.7,0.0,0.0,0.66,-0.73,-2.43,0.0,-1.49,-0.66,-1.0,-0.38,-1.09,-0.3,-1.43,-0.49
0.11,-0.04,0.0,0.85,0.92,0.12,0.25,1.28,0.08,0.95,0.8,0.95,0.77,1.27,1.54,0.47,-0.02
0.44,0.17,-0.16,-0.11,-0.08,-0.39,0.24,-1.17,-0.66,0.19,0.51,-0.34,0.13,-0.16,0.25,0.67,0.05
-0.37,0.68,1.91,0.12,0.59,-0.06,0.3,0.88,0.02,0.41,-0.13,0.83,0.72,0.7,0.06,1.14,0.9
-0.12,0.65,0.0,0.56,0.38,0.93,1.38,1.76,1.53,2.28,0.99,2.01,1.39,1.72,1.12,1.03,0.54
-0.23,1.06,-0.32,-0.32,-0.31,-0.36,-0.67,-1.11,0.0,-0.44,-0.42,-1.25,-0.33,-0.01,-0.03,-0.5,-0.71
-0.08,0.0,-1.25,-1.75,-1.56,-1.3,-0.69,-1.58,-0.42,-2.19,-1.3,-1.27,-1.47,-0.9,-1.32,-1.1,-0.91
-0.17,-0.47,0.84,0.57,1.09,-0.25,-1.12,-0.36,-0.18,-0.31,0.13,-0.27,-0.1,-0.41,-0.15,0.57,0.74
0.42,0.12,-1.31,-0.33,0.2,0.24,0.26,0.54,-0.21,0.74,0.55,0.6,0.65,0.61,0.61,1.67,0.61
0.48,1.09,1.39,0.34,0.51,-1.64,0.78,0.72,-0.55,-0.31,-0.68,0.64,-0.6,1.21,1.02,-1.69,-1.07
0.26,-0.65,-1.46,0.28,-1.86,0.14,-0.91,0.38,0.0,1.01,-0.31,-0.19,0.18,-0.41,-0.29,0.03,0.91
0.32,0.78,0.9,0.0,1.23,1.35,0.44,-0.77,0.0,0.0,0.34,-0.32,-0.36,0.01,1.22,1.87,-0.3
-0.25,0.1,0.83,0.0,0.45,0.32,-0.09,0.21,0.0,1.03,0.79,0.2,0.63,0.5,1.3,-0.21,-0.47
-1.16,-0.57,0.5,0.0,0.42,-0.4,-0.46,1.03,-0.17,-0.32,-0.43,0.11,-0.08,-0.03,-0.58,1.54,0.62
-1.02,0.55,0.47,0.0,0.69,-0.41,0.41,0.09,-0.36,-0.16,-0.3,-0.24,-0.07,-0.24,-0.47,0.65,-0.07
-0.44,-0.28,-0.23,0.0,-0.42,-0.16,-0.19,-0.52,0.0,-0.74,-0.56,-1.52,-0.94,-0.84,0.63,0.77,-0.15
-0.44,0.15,0.0,1.5,0.0,0.08,1.06,1.38,0.46,1.27,0.59,0.9,0.72,0.69,0.75,0.92,0.49
0.11,0.08,0.98,0.55,-1.27,0.0,0.02,-0.95,0.0,-0.44,-0.45,-0.1,-0.21,0.22,-0.38,-1.05,-1.09
-0.23,-0.09,-1.09,-0.24,-0.6,0.0,-0.4,-0.02,0.0,-0.51,-0.82,-0.08,-0.53,-0.13,-0.66,0.0,0.09
0.2,-0.71,-0.39,0.09,-1.61,-1.56,-0.85,-1.22,-1.85,-1.04,-0.85,-0.9,-0.55,-1.08,-0.66,0.16,-0.25
0.22,-0.03,0.49,0.04,0.88,0.11,-0.5,1.98,0.0,1.6,1.12,1.85,1.41,1.47,0.51,1.06,0.22
-0.12,-0.83,0.26,-0.82,-0.84,-0.52,-0.48,0.23,0.0,-0.73,-1.1,-0.31,-0.19,-0.24,-0.94,1.5,-0.29
-1.32,0.41,0.38,1.41,1.55,1.89,0.62,2.02,0.84,1.22,0.92,1.43,1.25,1.42,0.76,1.73,0.42
0.04,0.45,0.21,-0.05,-0.38,-0.24,-0.08,0.46,0.12,0.13,0.24,0.96,0.18,-0.02,0.31,-0.43,0.22
-0.04,0.12,1.39,0.04,0.3,0.52,-0.53,0.57,-0.01,0.52,-0.3,1.24,0.31,0.81,0.07,0.52,-0.22
-0.24,-0.22,-0.3,0.15,0.0,-0.19,0.03,0.15,0.0,0.09,-0.43,0.43,-0.61,-0.09,-0.09,0.42,-0.09
0.0,-0.4,0.29,1.18,0.98,0.36,0.26,0.81,0.0,0.47,-0.53,1.27,0.18,1.27,-0.49,-0.08,0.43
0.61,0.63,0.76,0.12,-0.17,-0.31,0.73,-0.44,0.47,-0.04,-0.78,-0.83,-0.19,0.53,0.45,-0.3,-0.3
-1.49,-1.52,0.15,-0.39,-1.02,-0.91,-0.12,0.29,-0.53,-0.44,-0.47,0.37,-0.48,0.0,-0.85,-0.06,0.17
0.66,-1.2,-0.32,-0.16,-0.83,0.29,0.25,0.84,-0.38,0.07,0.4,0.26,0.48,-0.04,0.41,0.66,-0.16
0.03,-0.22,0.63,-0.34,-0.77,0.09,0.1,-0.59,0.0,-0.19,-0.2,0.04,-0.79,-0.03,0.14,0.09,-0.05
0.49,0.64,-0.12,-0.14,-0.09,0.0,0.4,-1.15,-0.07,-0.29,-1.02,-0.63,-0.52,-1.31,-0.6,0.96,-0.1
-0.4,-0.51,0.1,0.73,0.93,-0.19,0.36,-1.32,-0.55,-1.3,-0.85,-1.12,-1.14,0.0,-0.53,-2.46,-0.58
-1.1,-1.16,-1.76,-0.65,-1.45,-1.25,-1.41,-2.51,-0.64,-1.47,-0.79,-1.85,-1.23,-1.81,-1.04,0.0,-0.43
-1.08,-0.07,0.0,0.91,-0.56,-0.35,-0.31,-0.33,-0.09,-0.43,-0.77,0.07,-0.07,1.66,-0.8,-2.49,-0.16
-1.05,-0.86,-1.34,-0.26,-0.18,-0.57,0.0,-0.62,0.0,-0.65,-0.62,-0.99,-0.43,-2.28,-1.43,-0.25,-0.24
2.45,1.35,1.61,0.19,0.7,0.68,-0.51,2.56,1.36,1.93,1.87,1.45,1.11,0.79,1.7,3.98,2.08
0.27,0.13,-0.03,0.42,0.47,0.48,0.78,0.48,-0.88,0.24,0.11,0.2,0.33,1.05,0.53,0.17,0.4
-3.33,-1.92,-5.36,-0.66,-2.16,-1.23,2.22,-0.1,1.22,1.56,1.99,-0.4,1.42,1.18,1.0,-1.4,1.4
0.99,3.34,6.72,1.19,1.89,0.97,1.61,0.03,0.45,-0.15,0.39,-1.63,-1.35,0.6,-1.21,-3.25,1.17
-0.63,0.79,0.18,0.8,-1.35,-2.54,-0.59,0.04,0.0,0.36,-0.61,-1.34,0.01,-0.64,-1.43,-3.3,0.21
0.6,-0.47,1.71,0.44,-1.37,0.0,-0.49,-0.75,-0.18,0.24,0.26,0.22,0.1,0.29,0.34,0.8,0.11
0.49,-0.36,-0.03,-0.01,0.46,-1.92,-0.24,-0.02,0.14,0.39,0.11,0.33,-0.25,0.81,0.59,0.0,0.29
0.78,0.03,1.1,-0.0,-0.19,-0.02,0.59,-0.73,0.04,-0.66,0.06,-0.56,-0.58,-0.62,-0.63,1.85,-0.29
-0.07,0.2,0.0,0.15,-0.08,-0.27,0.68,-0.03,0.01,0.2,0.64,0.92,0.09,-0.62,0.67,-1.63,0.19
0.63,0.39,0.59,-0.53,0.37,-0.3,-0.22,-1.75,0.0,-0.2,-0.75,-1.09,-1.24,-0.04,-0.28,0.32,-0.19
-0.1,-0.15,0.77,0.62,0.06,-1.47,1.0,0.19,0.25,0.19,-0.69,-0.1,0.62,0.28,0.03,1.85,0.47
-0.49,1.16,0.31,0.78,1.43,0.76,0.36,1.37,0.66,0.27,-1.38,0.43,0.76,1.16,0.62,1.45,0.35
0.48,1.31,0.0,-0.03,-0.01,0.35,0.95,0.07,-0.16,-0.48,0.13,-0.28,-0.17,-0.1,-0.03,0.05,0.31
0.18,0.41,0.26,0.71,0.51,1.76,-0.23,0.09,0.0,0.09,1.06,0.2,0.56,-0.42,0.17,0.27,0.36
0.11,-0.79,-0.13,0.34,0.47,0.13,-0.17,-1.81,-0.4,-1.09,-0.74,-0.64,-0.85,-1.13,-0.6,2.11,-0.28
0.0,-0.13,-0.27,0.28,-0.41,0.17,-0.37,2.13,-0.07,0.36,0.28,0.55,0.18,0.43,-0.4,-2.97,0.12
-0.12,-0.31,0.01,-0.86,0.23,0.98,0.87,2.23,-0.34,0.19,0.38,0.24,0.27,0.95,0.17,1.51,0.01
0.44,1.1,1.12,0.62,0.39,-0.35,0.81,0.99,-0.53,-1.0,-1.22,-0.22,-0.81,0.15,-0.45,-3.88,0.36
-0.3,-1.02,-0.47,-1.06,-1.37,-1.24,0.34,-0.07,0.0,-0.2,0.06,-0.72,-0.66,-0.86,-0.33,1.36,-0.11
-0.82,-0.8,-0.82,-1.21,-0.26,0.45,1.38,-0.21,1.17,1.63,0.79,0.67,1.02,0.86,0.24,-0.8,0.24
0.7,0.52,0.47,-0.19,0.75,0.17,-0.28,4.15,-0.3,0.85,0.85,2.64,1.82,1.59,0.49,2.1,0.18
-0.33,0.91,0.74,0.72,0.55,-0.59,0.38,2.1,-0.33,1.96,0.23,0.75,0.17,1.14,1.81,0.53,1.55
0.34,1.2,1.45,-0.17,0.27,1.74,2.15,1.64,0.34,1.75,0.3,2.06,0.95,0.0,0.42,-1.2,0.33
-0.34,0.31,1.23,0.56,-0.44,0.2,0.07,-0.73,0.0,0.22,1.83,0.26,-0.22,0.22,0.33,-0.29,0.72
-0.22,0.04,0.84,-2.48,-1.44,-0.87,0.83,0.42,-0.41,-0.12,-0.74,0.18,-0.27,0.33,-0.92,-2.19,0.2
-0.36,-0.32,0.5,0.01,0.06,0.69,0.9,2.49,0.55,0.84,1.52,1.58,0.94,0.53,1.13,0.17,0.58
-0.75,0.71,0.02,-0.44,0.04,-0.36,-0.8,-1.18,-0.55,-0.35,-0.27,-1.21,-0.99,-0.93,-0.28,-1.8,-0.6
-0.72,-0.82,0.1,-0.7,-1.77,-0.31,0.37,2.09,0.06,1.08,0.91,1.33,0.67,1.19,0.72,0.32,0.3
0.14,-0.1,0.66,0.03,-0.18,-0.11,-0.26,0.11,0.0,0.33,0.16,0.77,0.36,0.76,0.18,-0.01,-0.04
0.41,0.53,-0.05,-0.17,-0.85,-0.43,-0.7,-0.24,0.14,0.2,0.08,-0.81,-0.18,-0.86,0.08,-2.19,0.2
0.03,0.52,0.53,-0.54,-0.47,-0.25,0.48,1.47,0.3,0.33,0.1,0.76,0.81,0.31,0.38,0.83,0.46
0.17,0.4,-0.26,0.87,0.37,-0.25,-0.63,-0.16,-0.36,0.03,-0.12,-0.38,-0.16,0.21,-0.04,0.11,-0.16
0.7,0.54,-0.09,-0.08,-0.8,-1.0,-1.7,-0.49,0.22,-0.11,0.06,-0.41,-0.07,-0.22,0.32,-0.68,-0.12
0.39,-0.28,0.0,-0.85,-0.28,0.24,-0.07,1.17,0.0,-0.05,-0.06,0.37,0.08,0.04,0.06,1.19,0.07
0.0,0.0,0.03,-0.15,0.0,1.57,0.53,0.24,0.94,0.19,0.33,0.1,0.19,0.0,0.0,0.13,0.06
-0.02,1.01,-0.01,-0.36,0.83,-0.01,-0.29,-0.78,0.23,0.02,-0.03,-0.34,0.06,0.18,0.54,1.85,-0.56
0.26,0.25,-1.32,-0.17,0.17,0.59,1.07,-0.18,-0.55,-0.21,-0.07,-0.19,-0.22,0.43,0.2,0.75,-0.07
-0.15,-0.58,-0.16,0.31,0.96,0.99,1.2,0.16,0.0,0.26,-0.38,0.27,0.15,-1.19,0.32,0.0,-0.29
0.0,1.19,0.0,1.03,0.68,0.18,2.36,0.04,0.13,-0.12,1.17,0.81,0.74,1.13,0.49,3.73,0.6
1.31,0.06,2.51,0.77,-0.07,-0.04,-0.94,0.27,0.04,0.0,0.46,-0.33,0.24,-0.09,0.17,-0.36,0.3
-0.02,0.3,-0.37,0.1,1.46,0.92,-1.92,0.08,0.24,0.01,0.45,0.27,-0.19,0.51,0.08,0.78,-0.21
-0.05,0.04,-0.34,-0.47,0.21,-0.44,-0.29,0.23,0.0,0.12,0.3,0.29,0.19,0.0,0.2,-0.65,0.32
0.57,0.9,0.0,0.6,0.25,-0.12,-0.12,-1.66,0.0,-0.3,0.09,-0.24,-0.73,-0.65,0.38,0.06,-0.38
0.39,-0.8,-0.79,-0.3,0.83,0.65,1.19,0.33,-0.24,0.17,0.29,-0.43,-0.19,-0.71,0.52,0.7,-0.16
0.43,0.19,0.33,-0.77,0.84,0.9,-0.84,0.32,-0.09,0.54,-0.26,-0.46,-0.34,0.37,0.21,0.51,0.5
-0.09,-0.08,-1.19,-0.56,-0.46,0.39,-0.3,-1.69,-0.59,-1.07,-0.62,-0.01,-0.85,0.04,0.03,2.41,-0.32
-0.16,-0.79,0.8,-0.21,0.47,-0.03,-0.76,1.87,0.0,0.94,0.92,1.11,1.27,0.29,0.62,-0.47,-0.03
-0.14,-0.85,-1.48,0.11,0.54,-0.19,-0.47,0.25,-0.2,-0.13,-0.7,-0.16,-0.17,-0.48,-1.46,0.82,-0.3
-0.03,-0.36,0.43,0.29,1.13,0.08,-0.4,0.32,-0.39,0.51,0.1,-0.09,-0.11,0.14,0.38,-0.32,-0.11
0.04,0.24,0.94,-0.36,-0.21,0.19,-0.36,0.69,-1.27,-0.02,-0.47,-0.08,0.27,0.27,-0.54,-0.31,-0.37
-0.17,-0.66,0.34,0.79,-0.71,-1.0,-0.11,-0.06,0.0,0.29,0.02,0.01,-0.15,0.69,-0.14,0.89,0.48
0.29,-0.77,-1.29,0.39,0.06,0.31,-0.64,-0.78,-1.0,-0.73,-0.56,-0.8,-0.73,-0.45,-0.66,1.9,-0.14
-0.03,0.7,-0.55,0.05,0.22,0.95,1.33,0.89,0.5,0.43,0.21,0.89,-0.08,0.42,-0.01,0.14,0.57
0.39,0.38,1.43,0.24,0.43,1.21,0.06,0.42,0.53,1.82,1.71,1.73,1.28,2.04,0.2,0.0,0.78
0.33,0.0,1.81,0.35,1.41,0.0,2.44,-0.73,0.18,0.36,0.21,-0.38,0.14,-0.46,-0.04,0.53,0.16
0.3,0.75,0.34,0.0,-0.06,0.63,1.65,-0.57,0.0,-0.29,-0.31,-0.09,-0.14,0.25,0.32,-0.24,-0.04
-0.67,-0.92,-0.51,0.0,0.0,-0.12,-1.41,-2.95,-1.29,-1.12,-0.7,-1.5,-1.12,-1.42,-0.92,-2.62,-0.61
-0.48,-0.72,-1.69,0.0,0.0,-0.7,-0.75,-0.9,0.07,-1.25,-0.35,-0.49,-0.64,-0.67,-0.27,0.57,-0.54
0.05,0.57,0.56,0.0,-0.18,1.76,0.64,0.81,0.79,1.08,0.45,0.17,0.93,1.92,0.12,0.26,0.14
-0.08,-0.14,-1.22,0.0,-0.57,0.3,-0.63,0.79,-0.35,-0.27,-0.63,0.81,0.33,0.08,0.47,-0.4,-0.03
0.61,-0.42,0.02,-0.57,-0.24,0.05,0.41,1.2,0.0,0.2,0.9,0.6,0.54,0.04,0.67,0.58,0.94
-0.0,-0.11,0.31,0.42,0.95,0.7,-0.72,-2.21,0.07,-1.22,-0.24,-1.11,-0.78,-0.69,-0.22,-1.48,-0.09
-0.34,0.11,-0.35,-0.07,-0.07,-0.37,0.37,-0.17,0.28,0.34,0.47,-0.28,0.32,0.03,0.2,0.32,0.19
-0.08,0.52,0.51,0.45,0.66,-0.16,-1.31,0.58,-0.66,-0.05,0.1,-0.02,-0.16,-0.25,0.04,0.99,-0.18
0.86,0.23,-0.53,0.47,0.17,0.14,-0.71,0.94,0.69,0.86,0.7,1.17,0.77,1.16,0.57,0.2,0.59
-0.3,0.99,2.49,0.44,0.21,0.02,-0.54,-0.45,0.0,0.21,0.22,-0.64,-0.57,0.79,0.4,1.79,0.48
0.42,0.7,0.41,0.51,0.58,0.06,-0.03,1.07,0.5,0.92,0.08,1.13,0.74,0.84,0.28,1.28,0.7
0.15,-0.1,-1.13,-0.03,-0.03,-0.04,-0.92,0.65,-0.02,-0.02,-0.43,0.28,0.18,0.37,-0.14,-0.38,0.45
0.41,0.94,1.03,-0.4,1.23,-0.65,-0.21,-0.69,0.57,0.19,0.71,0.78,-0.16,0.55,0.47,1.89,0.52
-1.22,0.12,-0.47,0.54,0.47,0.52,0.53,0.16,0.29,-0.31,-0.22,-0.31,0.02,0.12,-0.34,-0.24,0.04
-0.08,-0.18,-0.58,-0.76,-0.31,0.59,-0.94,-0.42,0.0,-0.0,0.46,-0.57,-0.24,-0.47,0.3,-0.1,0.02
0.22,-0.07,0.68,0.38,-0.76,0.35,0.41,0.34,-0.29,1.18,0.62,0.36,0.26,0.34,-0.34,0.76,0.58
-0.72,0.24,-0.01,0.23,0.99,0.36,-1.01,-0.83,-0.45,0.26,0.22,-0.88,-0.13,-1.0,0.38,-0.67,0.16
0.4,-0.35,-0.04,-0.39,-0.36,0.1,0.0,-0.35,-0.26,-0.42,-0.19,0.17,-0.45,0.45,-0.42,-1.64,0.17
-0.42,-0.79,-0.45,0.06,-0.62,0.0,-0.63,-1.18,0.0,-1.2,-0.51,-0.42,-0.88,-1.67,-0.38,-1.18,0.05
0.22,-0.26,-0.91,-0.75,-0.17,-0.28,-1.75,1.71,-0.59,0.16,-0.06,0.11,-0.01,-0.4,0.13,0.0,0.08
1.22,-0.21,0.06,0.24,-0.77,-0.24,-1.01,-0.01,-0.84,0.1,0.3,0.96,0.24,0.17,0.14,0.0,-0.12
-0.21,-0.13,1.44,0.17,0.15,0.84,1.18,2.39,1.54,1.97,1.04,2.05,2.13,1.84,1.64,0.49,1.46
0.25,1.26,0.88,-0.7,-0.2,-0.5,-0.53,0.39,-0.13,-0.06,0.31,-0.36,0.21,0.55,-0.01,-1.69,-0.53
-0.2,-0.81,-0.49,-0.17,-0.74,-0.03,0.39,1.15,0.0,-0.27,0.1,0.85,0.94,-0.49,-0.11,1.41,0.01
0.23,0.29,-0.46,0.49,0.18,0.75,-0.46,-1.09,-0.95,-0.57,-0.06,0.06,-0.43,-0.27,-0.33,-0.67,-0.24
-0.18,0.26,-0.18,0.16,0.36,-0.17,-1.1,0.03,0.02,0.06,-0.47,-0.02,-0.08,0.18,-0.15,-0.9,-0.14
0.08,-0.03,-0.47,-0.1,0.43,-0.34,0.0,0.14,0.62,0.01,0.03,0.5,0.42,0.62,-0.06,-1.56,-0.33
-0.69,-0.32,0.34,-0.73,-1.18,0.09,-2.5,0.46,0.03,0.09,0.15,1.5,1.22,-0.3,-0.27,-0.21,0.01
0.53,0.6,1.48,-0.1,0.29,0.06,-0.01,0.45,0.0,-0.13,0.35,0.08,0.54,0.74,0.38,0.14,0.21
0.03,-0.32,0.15,0.72,1.11,0.0,1.33,0.25,0.06,0.22,0.15,-0.1,0.17,0.36,0.33,1.33,-0.1
-0.35,0.03,-0.12,-0.05,-0.01,1.71,0.06,-0.86,-0.35,-0.01,-0.22,-0.91,-0.54,-0.72,-0.13,-1.27,-0.21
-0.65,0.26,-0.16,0.01,-0.15,-0.15,-0.43,1.21,0.21,0.18,0.29,0.79,0.24,0.04,0.15,2.37,0.54
-0.03,0.2,0.07,0.64,2.08,0.64,1.09,1.7,-0.78,0.61,-0.25,1.85,0.49,1.21,0.64,-0.68,-0.07
0.07,0.24,-0.35,-0.92,0.09,0.21,1.12,-0.18,0.0,0.1,0.36,0.77,0.58,-0.32,0.12,-2.39,-0.1
-0.16,-0.36,0.0,0.15,0.79,-0.44,0.28,-0.53,0.44,-0.35,-0.04,-0.31,-0.23,0.14,0.07,1.05,-0.04
0.47,-0.07,-0.34,0.24,0.37,-0.11,0.26,-0.25,-0.83,-0.75,-0.92,-0.02,-0.84,-0.71,-0.69,-2.93,-1.14
-0.3,-1.56,-2.13,-0.56,-1.11,-1.08,0.66,0.17,0.3,-0.48,-0.55,0.17,-0.78,-0.92,-0.73,0.86,-0.03
-0.16,0.41,0.23,0.2,0.03,0.56,-0.51,1.07,-0.0,1.14,0.71,0.93,0.89,0.85,0.22,0.01,-0.02
0.14,0.8,0.93,0.65,0.13,0.3,-0.55,0.1,0.0,0.2,-0.17,-0.15,-0.42,0.23,-0.05,0.51,-0.29
-0.38,-0.12,-0.39,-0.1,-0.68,-0.63,-1.3,-0.32,-0.46,-0.57,-0.22,-0.06,-0.21,-1.07,-0.59,0.71,-0.22
-0.04,1.3,1.14,-0.34,0.63,0.59,0.96,1.02,0.42,1.28,0.03,0.84,0.78,0.27,0.68,0.52,0.73
0.87,0.9,0.08,-0.21,0.19,0.41,-0.43,-0.26,-0.04,0.44,0.75,-0.21,0.5,1.06,0.41,1.37,-0.2
0.43,0.39,-0.8,-0.97,-0.37,0.39,-0.09,0.45,-0.22,0.44,0.49,0.37,0.2,0.42,-0.06,-0.4,0.33
0.37,-0.53,-0.81,0.42,-0.78,-0.09,-1.28,0.61,0.0,0.46,-0.52,0.55,0.57,-0.69,-0.63,-0.43,-0.31
0.49,0.13,0.02,0.0,0.62,0.98,0.64,-1.22,-0.1,-0.45,-0.29,-1.32,-0.43,0.57,-0.55,0.35,-0.06
0.26,-0.27,-0.91,0.0,0.0,0.0,0.85,0.07,-0.04,0.21,0.15,0.35,0.12,0.54,0.54,0.85,0.19
0.28,0.33,0.27,1.51,0.57,0.21,1.51,-0.02,1.13,-0.53,-0.07,0.4,0.1,0.87,0.13,-1.51,-0.2
0.35,-0.34,-1.4,0.29,-0.52,-0.16,-0.08,0.22,-0.68,0.11,-0.02,1.12,0.32,0.41,-0.39,-0.85,0.07
-0.59,0.11,0.36,0.11,-0.03,-0.74,-1.68,0.02,0.0,-0.05,0.03,0.1,-0.04,0.4,0.63,0.58,-0.03
-0.08,0.86,-0.01,-0.35,-0.02,-0.44,-2.43,-0.48,0.0,-0.2,-0.28,-0.87,0.07,0.06,-0.01,0.09,0.01
0.19,0.28,-0.27,0.59,-0.72,0.72,0.34,-0.46,0.0,-0.5,0.29,-0.21,-0.38,-0.83,0.23,-0.45,-0.03
-0.04,0.08,-1.04,-0.39,0.93,-0.49,-1.52,-0.52,-0.14,0.13,0.26,-0.54,0.0,-0.24,-0.22,-0.73,-0.29
-0.26,-0.74,-0.68,0.07,-0.21,-0.61,-0.16,-1.16,-1.11,-0.38,-0.4,-0.33,-0.45,-0.63,-0.29,-1.67,-0.67
0.0,0.0,0.63,-0.62,0.0,-0.16,1.38,0.0,0.0,0.0,0.0,0.0,0.0,0.0,0.0,2.4,0.9
0.12,-0.9,0.35,-0.8,-1.39,-0.32,-1.15,-1.67,0.11,-0.9,-1.16,-0.6,-1.18,-1.09,-2.46,-0.27,-0.55
-0.23,-0.56,0.07,-0.9,-0.41,0.06,-0.2,1.96,0.66,0.13,0.04,1.03,0.65,0.32,-0.46,-1.17,-0.58
-0.42,0.3,-0.01,0.15,0.97,0.29,0.82,0.13,0.28,0.09,0.3,0.02,-0.0,0.43,0.06,0.56,0.85
0.08,0.56,1.03,-0.02,-0.06,-0.19,0.65,-0.54,0.0,0.18,-0.05,0.04,0.0,0.02,-0.06,0.0,-0.15
0.3,0.3,-0.18,-1.47,0.41,0.99,1.79,4.77,1.25,3.37,1.84,3.76,3.11,3.09,2.11,0.99,1.05
0.02,0.0,1.08,0.12,1.31,0.97,0.95,0.59,0.03,0.1,0.73,0.15,0.05,0.29,0.15,1.18,1.12
1.53,0.68,1.1,0.08,0.5,0.63,1.43,0.15,0.56,0.05,0.63,-0.18,0.03,0.89,0.18,-0.44,-0.1
0.26,0.16,-0.19,0.16,0.49,-0.34,-0.75,-1.15,-0.38,-0.23,0.16,-0.74,-0.21,-0.41,-0.71,-0.29,0.03
0.34,0.04,-0.29,0.05,-0.34,-0.37,0.25,0.06,0.0,-0.05,-0.36,0.3,-0.18,1.61,-0.46,1.12,-0.19
0.36,0.55,0.56,0.0,0.0,0.0,0.0,0.0,0.0,0.0,0.0,0.0,0.0,0.0,0.0,0.0,-0.13
0.55,-0.1,0.7,-0.33,0.33,0.01,0.5,0.6,0.0,0.56,0.63,0.98,0.89,0.08,0.64,2.02,0.17
-0.16,-0.98,0.0,-0.35,0.0,-0.09,-1.64,0.13,0.34,0.16,0.26,0.15,0.59,-0.5,-0.21,-0.94,0.04
-0.34,-0.27,0.0,-0.38,-0.05,0.77,0.26,1.98,0.46,0.96,0.99,1.62,1.8,1.29,0.19,-1.86,-0.03
-0.14,-0.68,0.0,-0.82,-0.84,-0.89,0.18,1.48,0.0,0.55,0.41,1.11,0.86,1.06,0.68,1.31,0.26
0.45,0.59,0.84,-0.8,0.41,0.23,0.0,-0.26,0.0,-0.18,0.25,-0.35,-0.02,-0.05,0.05,-0.28,0.03
-0.16,-0.53,-0.26,-0.02,1.27,0.02,0.0,0.27,0.36,0.43,0.82,-0.42,-0.01,0.64,0.57,1.15,-0.17
0.15,0.61,0.29,-0.95,0.51,1.05,1.29,0.31,-0.6,0.07,-0.26,-0.13,0.1,-0.34,0.59,1.62,-0.16
0.89,0.05,0.31,0.1,0.44,0.01,-1.27,-0.33,0.17,-0.36,-0.27,-1.57,-0.91,0.02,0.02,0.28,-0.11
-0.49,-0.7,-0.39,0.8,0.12,-0.21,-0.4,0.43,0.0,0.47,0.65,0.33,0.1,0.19,0.66,1.01,-0.11
-0.21,0.03,-0.07,0.3,0.86,0.44,0.43,0.6,0.05,0.29,-0.17,0.56,0.38,1.67,0.26,0.37,0.41
-0.28,0.21,0.25,0.91,-0.14,0.86,-0.51,0.38,0.02,-0.02,0.21,0.22,-0.32,0.41,0.91,0.31,-0.01
0.17,-1.1,-0.53,-0.25,-0.17,0.25,0.07,-2.31,-0.91,-1.35,-1.38,-1.79,-1.41,-0.87,-0.25,-1.67,-1.78
-0.66,-0.82,-1.32,-0.52,-0.62,-0.73,-1.34,0.07,-0.53,-0.33,-0.7,-0.94,-1.22,-0.86,-0.89,-8.8,0.27
0.32,-0.19,0.19,0.13,0.15,0.1,-0.27,1.26,0.0,0.39,0.94,1.41,1.11,2.24,0.46,1.69,0.69
0.13,0.76,0.02,-0.4,0.86,0.35,-0.61,-1.15,-0.06,-0.15,0.69,-0.39,-1.36,1.02,0.34,-1.54,0.43
-0.31,-0.19,-0.33,-0.36,0.05,-0.67,0.49,0.46,-0.17,0.31,-0.25,1.14,0.49,-0.33,-0.15,1.6,0.21
0.51,0.15,0.66,0.08,0.1,-0.21,-0.42,-0.21,-0.04,-0.13,-0.29,-0.08,-0.31,0.67,0.4,0.95,0.36
0.06,0.36,0.36,1.85,0.8,1.48,-0.24,-0.37,0.34,-0.17,0.0,0.28,-0.21,0.0,0.04,-0.05,0.34
0.13,-0.65,-0.64,-0.09,0.03,0.9,-0.67,-0.38,0.0,-0.15,0.08,-0.31,0.17,0.16,0.4,1.36,-0.01
-0.04,0.19,-0.02,0.0,0.0,0.16,-0.4,0.15,0.0,-0.24,-0.27,-0.07,-0.07,-0.76,-0.28,0.32,-0.24
0.08,0.12,-0.14,0.16,-0.16,-0.04,-1.68,-0.4,0.0,0.13,0.1,0.03,-0.06,-1.16,-0.09,-1.96,-0.1
0.38,0.24,1.07,-0.47,0.58,-0.03,-1.62,0.99,0.13,0.4,0.09,0.01,0.23,0.77,0.32,-0.67,0.65
0.68,0.87,1.6,-0.01,0.44,0.44,0.65,-0.04,0.0,1.25,0.21,0.23,0.46,0.32,0.05,0.36,0.29
0.0,-0.57,0.24,-0.26,-0.24,0.12,-0.22,-0.99,-0.03,0.0,0.0,-0.19,-0.38,0.0,-0.29,-0.1,-0.1
-0.09,-1.52,-0.95,0.48,0.52,-0.38,-0.41,0.19,-0.25,-1.04,-1.5,-0.05,-0.57,0.44,-0.01,0.81,-0.23
-0.39,-0.01,0.02,1.25,-0.09,0.26,-0.09,-0.1,0.25,-0.14,-0.35,-0.07,0.74,0.33,-0.62,0.34,0.18
-0.19,0.17,-0.38,0.49,0.34,-0.19,0.31,1.46,-0.12,0.32,-0.73,0.75,0.29,-0.27,-0.38,-0.66,0.04
-0.34,0.02,0.52,0.38,-0.13,0.16,0.49,0.38,0.0,0.8,0.39,0.23,0.72,1.12,1.04,-0.87,0.42
-0.15,0.0,-0.04,-0.45,-1.24,-0.53,0.0,-1.0,-0.47,-0.98,-0.43,-1.24,-1.19,-1.27,-0.21,-0.82,-0.17
0.06,1.67,-0.05,0.38,0.56,0.03,-1.17,0.85,0.33,0.59,0.67,0.37,0.29,0.17,-0.15,0.21,0.44
0.59,1.06,-0.08,-0.96,0.09,0.17,-1.23,-0.61,0.26,0.32,-0.2,-0.98,-0.21,-1.27,-0.35,0.15,0.22
0.35,-1.21,-0.26,0.03,-1.2,-0.26,-1.12,-0.54,-0.38,-0.89,0.04,-0.71,-0.35,0.0,-0.74,0.0,-0.07
0.53,0.19,0.56,-0.41,0.24,-0.06,0.28,0.45,0.0,0.48,1.25,0.56,0.5,-1.0,0.6,-0.48,0.11
0.52,0.54,0.51,0.96,1.16,0.82,1.47,0.35,1.0,1.07,0.75,0.83,0.69,1.59,0.81,0.63,0.68
0.0,-0.83,0.81,-0.21,-0.31,-0.04,0.44,-0.97,-0.23,-0.58,-0.07,-0.95,-0.64,-1.7,-0.68,-2.01,-0.29
-0.78,-1.59,-0.45,0.68,-0.57,-0.04,-0.38,1.26,0.22,-0.32,-0.42,-0.05,-1.03,0.39,-0.33,-0.01,-0.27
0.46,0.71,-0.14,-0.19,-0.08,0.02,0.5,-0.67,-0.08,0.15,0.73,-0.29,-0.43,-0.98,-0.11,0.84,-0.06
-0.08,0.17,0.11,0.39,-0.02,-0.49,0.4,-0.46,0.0,-0.47,-0.2,-0.74,-0.25,-0.71,-0.2,-0.3,-0.01
0.45,0.08,0.18,1.08,0.79,0.0,-0.38,0.81,0.17,0.29,0.98,0.62,0.47,0.96,0.31,1.8,0.07
0.4,-0.1,0.36,0.38,-0.12,-0.58,1.0,-1.01,-0.42,-0.78,-0.53,-0.46,-0.57,0.3,-0.17,-0.82,-0.46
0.0,0.73,-0.47,-0.54,-0.61,-0.4,0.69,1.24,-0.16,-0.19,0.04,0.51,-0.01,-0.06,-0.63,0.56,0.68
0.78,1.08,0.45,0.52,1.1,0.08,-0.58,-1.63,-0.18,-1.83,-1.46,-1.6,-1.12,-0.2,-0.51,0.36,-0.78
-0.95,-1.66,-0.92,-0.04,-0.77,0.21,-0.08,-0.58,0.0,-0.73,-0.42,-0.82,-0.08,0.58,-0.51,1.06,0.29
-0.48,-0.65,0.06,-0.01,0.08,0.97,1.23,2.08,0.13,1.22,1.16,1.53,1.22,1.01,0.88,0.6,0.61
-0.3,-0.35,0.25,1.04,0.52,0.11,0.21,-0.44,-0.17,0.13,-0.19,-0.41,0.1,-0.11,0.14,-0.12,-0.01
0.46,-0.08,-0.44,0.14,-0.22,0.4,0.1,0.69,-0.34,-0.58,-0.75,-0.24,-0.42,0.23,-0.41,-1.08,-0.74
-0.08,-0.96,-0.32,0.09,-0.49,-0.03,-0.56,-0.33,0.0,0.06,-0.04,-0.09,0.34,-0.85,0.19,-0.24,0.44
-0.58,0.36,0.76,0.09,0.63,1.13,0.69,0.84,0.04,0.46,0.68,0.2,0.24,0.89,0.26,1.13,-0.03
0.57,0.08,0.57,-0.07,1.48,0.1,0.62,-0.37,0.04,-0.07,-0.78,-0.57,-0.53,-0.18,-0.55,1.28,0.0
-0.56,-0.96,-0.48,-0.19,0.64,0.18,0.86,1.52,0.43,1.52,1.59,1.07,1.12,0.79,1.19,1.57,0.57
0.27,1.11,0.01,0.89,1.16,0.73,0.28,0.42,0.97,0.12,-0.13,0.93,0.7,0.25,-0.05,0.53,0.1
0.53,0.49,0.09,0.36,0.16,-0.05,0.04,-0.14,0.0,-0.08,0.34,-0.03,0.21,0.07,-0.47,0.4,0.39
0.36,-0.17,-0.28,-1.7,0.31,0.17,-0.08,-0.03,-0.21,-0.35,0.05,-0.04,0.17,0.55,0.35,-0.34,-0.04
0.11,-1.18,-0.32,0.37,0.21,-1.13,-0.58,-0.59,-0.27,-1.25,-0.67,-1.19,-0.94,-0.23,-0.19,0.19,-0.25
0.24,0.79,0.1,1.73,0.56,0.77,0.21,0.57,0.17,0.17,0.52,0.6,0.75,0.04,0.55,-0.24,0.31
-0.84,0.51,0.62,0.4,0.26,-0.16,-0.28,-0.19,0.18,-0.04,0.03,-0.22,-0.02,0.16,0.77,-0.37,-0.13
-0.0,-0.67,-0.22,-0.31,-0.13,0.39,-1.1,-1.1,0.0,-1.66,-0.98,-1.31,-0.44,-1.14,-0.47,-0.39,-0.15
0.48,-0.61,0.03,0.61,0.53,0.68,0.34,0.59,-0.06,-0.25,-0.45,0.19,-0.28,-0.11,-1.01,0.64,-0.31
0.37,0.68,-0.1,-0.47,0.02,-0.05,-0.42,0.61,0.25,0.45,0.45,0.74,0.75,1.7,0.77,0.87,0.47
-0.11,0.87,0.48,-0.1,0.33,0.48,0.49,0.56,-0.11,0.33,0.59,0.49,1.31,0.96,0.24,-1.0,0.45
0.02,0.15,0.15,0.15,0.71,0.0,0.62,0.26,-0.15,-0.76,0.31,0.26,0.83,0.35,-0.12,0.41,0.39
-0.95,-1.42,-0.6,0.18,-0.56,-0.23,-1.46,-0.94,0.0,-0.4,0.02,-0.63,-1.03,-0.45,-1.0,0.34,0.15
0.39,0.31,-0.14,0.7,1.28,0.63,0.15,0.26,-0.17,-0.37,0.4,-0.32,-0.05,-0.67,0.05,0.65,0.28
0.43,0.91,0.3,0.69,0.79,0.19,1.07,0.59,0.0,1.1,0.0,0.8,0.45,0.72,0.7,0.9,0.33
0.28,-0.49,0.47,-0.29,0.24,-0.3,1.31,-0.18,-0.55,-0.57,0.75,-0.69,-0.56,-0.38,-0.16,0.93,0.24
0.02,-0.16,-0.25,-0.52,-0.28,-0.74,-0.01,1.02,-1.53,-0.22,0.15,0.33,0.28,0.67,0.85,-0.53,0.04
-0.08,-0.25,-0.38,-0.4,0.12,0.27,-0.6,0.65,0.0,1.18,0.44,1.04,0.53,0.27,0.49,0.18,0.3
0.39,0.93,-0.07,0.67,0.46,-0.16,0.86,0.43,-0.08,-0.33,-0.24,0.17,-0.25,0.58,0.27,1.56,0.12
0.13,-0.52,-0.3,0.04,0.59,-0.8,0.98,0.08,-0.39,0.28,0.08,0.55,0.14,0.05,0.14,-0.06,-0.15
0.18,0.38,-1.29,-0.05,-0.35,-0.68,-0.69,-0.91,-1.14,-1.12,-1.48,-1.29,-0.98,-1.28,-0.59,-0.34,-0.17
-0.11,-0.08,-0.05,-0.51,-1.13,-0.84,-0.79,-0.76,-0.97,-1.15,-0.86,-1.38,-0.55,-1.24,-1.44,-1.0,-0.93
-0.88,-1.18,0.0,-1.92,-2.04,-1.01,-0.79,-1.51,0.0,-0.0,-0.74,-1.6,-0.98,-1.13,-1.08,0.55,0.07
0.43,0.66,-0.1,1.16,1.36,0.75,0.36,1.72,1.66,1.26,1.66,1.73,1.11,1.7,0.6,1.37,0.62
0.69,0.47,1.11,0.39,-0.28,0.0,-0.08,0.0,0.01,0.1,-0.21,0.19,0.58,0.0,0.41,0.1,0.02
0.47,0.48,-0.12,-0.24,0.86,1.02,-0.38,1.21,0.75,0.71,0.28,0.6,0.56,0.77,0.67,0.35,0.12
0.25,-0.1,-0.14,0.71,-0.24,0.08,-0.07,-0.89,-0.33,-0.49,-1.02,-0.95,-0.26,-0.69,-0.61,-0.9,-1.24
0.13,-0.56,-1.18,0.11,-1.08,-0.85,-0.56,0.12,0.0,-0.31,-0.79,-0.56,-0.48,-1.26,-0.86,1.09,-0.35
0.15,-0.37,-0.6,0.48,0.4,-0.84,0.36,-0.28,0.4,-0.82,0.11,-0.25,-0.58,-0.78,-0.07,-0.12,0.13
-0.0,0.42,-0.05,0.18,0.91,0.11,0.5,-0.11,0.88,1.35,0.9,0.48,0.73,0.73,0.86,2.01,0.9
0.16,-0.22,0.26,-0.16,0.38,0.88,0.57,-0.5,-0.8,-0.45,-0.06,-0.69,-0.54,0.27,0.01,0.67,-0.4
-0.18,0.14,-0.42,-0.56,0.05,0.09,0.76,0.51,0.02,0.05,-0.17,0.19,0.21,0.64,0.33,0.93,-0.13
-0.11,-0.03,0.51,1.65,1.2,0.0,0.29,0.08,0.0,-0.11,-0.41,-0.12,-0.31,0.81,-0.08,-0.08,0.14
-0.47,-0.59,-0.18,1.0,0.05,0.49,0.4,-0.09,0.03,-0.37,-0.47,-0.57,-0.54,-0.87,0.0,-0.08,-0.02
-1.1,-0.72,-0.45,-0.05,-0.35,-1.14,0.1,-1.46,-0.78,-1.46,-0.56,-0.91,-0.98,-1.07,-0.87,0.44,0.26
0.29,0.01,0.74,0.08,1.19,0.82,0.99,0.44,0.68,0.47,0.42,0.52,0.7,1.03,0.38,-0.62,0.12
0.46,0.79,0.72,-0.17,-0.44,0.27,0.66,0.77,0.72,0.44,0.84,0.52,0.36,0.98,0.89,-0.07,0.25
0.03,0.18,0.23,0.34,-0.06,0.51,-0.56,0.87,0.0,0.72,0.18,0.25,0.36,0.82,0.11,1.54,0.18
-0.37,0.07,-0.63,0.19,0.0,0.34,0.03,-0.24,0.13,0.18,0.06,-0.62,-0.02,-0.57,-0.52,0.03,-1.07
0.1,-0.29,-0.14,-0.05,-0.46,-0.46,0.53,0.35,0.07,0.75,-0.11,-0.48,0.18,-0.24,-0.25,1.75,0.25
0.05,0.0,0.2,-0.66,-0.33,0.0,-0.22,-0.42,-0.37,0.67,0.53,-0.06,0.81,0.57,0.58,0.0,-0.1
0.63,-0.3,-0.63,0.05,0.53,0.08,1.12,0.25,0.0,0.06,0.06,0.05,0.42,-0.21,-0.26,-0.45,0.06
0.22,0.71,0.57,0.24,1.04,0.61,0.56,1.64,1.38,1.39,0.79,1.91,1.0,0.94,0.49,1.7,1.19
-0.13,0.58,1.18,0.32,0.06,0.87,0.72,0.45,0.61,0.4,0.79,0.13,0.44,0.69,-0.17,0.3,0.28
-0.28,-0.04,0.45,0.08,-0.28,0.09,-0.22,-0.0,0.38,0.23,0.0,0.34,-0.15,-0.08,-0.28,0.33,0.18
-0.18,-0.1,-0.29,-0.33,-0.42,0.17,-0.09,0.22,-0.17,-0.1,0.19,-0.1,0.01,0.11,-1.14,-0.18,0.2
-0.73,-0.76,0.52,-0.41,0.11,0.1,0.08,-0.23,0.0,-0.17,-0.48,-0.42,-0.55,-0.52,-1.1,1.47,0.29
0.0,0.45,1.09,0.35,1.27,0.47,0.26,0.61,0.7,0.32,0.22,0.2,0.02,0.76,0.52,0.31,0.28
0.06,-0.12,0.86,-0.2,-0.38,-0.07,-0.49,0.27,-0.36,0.02,0.5,0.39,0.12,-0.04,0.3,-0.02,0.18
0.72,-0.08,0.05,0.24,0.27,-0.01,0.42,-0.31,0.0,0.06,0.03,-0.83,-0.19,-0.04,-0.05,0.04,0.19
-0.65,-0.94,0.18,-0.41,-0.06,-0.09,0.13,0.61,0.0,0.25,0.42,0.05,0.08,0.23,-0.11,-0.53,-0.24
0.23,0.47,-0.25,-0.23,-0.82,-1.38,-0.42,0.17,0.0,-0.06,0.03,0.08,-0.27,0.28,0.64,-0.28,-0.04
0.61,0.03,-0.15,-0.59,-1.36,-0.93,0.85,-0.63,0.05,0.02,0.04,-0.86,0.13,-0.15,-0.13,-1.26,-0.24
0.23,-0.22,-0.33,0.17,0.05,-0.08,0.1,0.18,0.07,0.08,-0.29,-0.26,0.13,-0.29,-0.21,-0.17,-0.05
0.37,-0.12,-0.31,0.08,0.47,-1.39,0.48,0.85,0.05,0.41,-0.17,1.76,0.46,0.0,0.38,-0.7,0.25
-0.21,0.11,0.47,-0.15,-0.8,0.39,-0.46,-0.15,0.15,0.37,0.15,-0.39,0.36,0.48,0.13,-0.31,0.18
0.22,0.2,-0.03,0.48,0.48,0.0,0.27,0.48,0.0,0.98,0.5,0.51,0.41,0.26,0.68,0.99,0.11
0.09,0.84,0.02,0.0,0.0,0.0,-0.07,0.51,0.14,0.58,0.92,-1.21,0.35,0.88,0.9,0.09,0.68
0.07,-0.49,1.05,0.0,2.25,0.68,0.05,-0.12,0.21,0.0,0.45,0.02,0.34,0.01,0.39,3.23,0.37
0.21,-0.86,0.06,0.0,0.73,0.55,0.01,-1.44,0.0,0.53,0.0,-2.85,-0.02,-1.07,-0.01,-0.22,0.09
0.2,-0.01,0.01,0.0,0.0,-0.25,0.54,0.49,0.0,-0.02,-0.23,2.51,0.49,1.09,0.54,0.03,0.5
0.04,1.04,0.3,0.0,0.28,0.7,0.27,-0.77,0.0,-0.09,-0.11,-0.29,-0.41,-0.63,0.2,-0.73,-0.01
-0.01,0.5,0.0,0.92,-0.46,0.1,0.12,0.38,-0.16,0.16,0.08,0.5,0.17,0.38,-0.2,-0.43,-0.06
0.35,-0.02,0.64,0.2,0.58,0.24,-0.45,-0.63,-0.26,-0.21,0.08,-0.92,0.02,-0.46,0.4,1.55,0.31
0.26,0.59,0.28,0.04,-0.36,-0.28,0.68,0.97,0.0,0.17,-0.02,1.34,0.09,0.41,-0.06,-0.31,0.18
0.11,0.39,0.35,0.11,0.24,1.09,-0.29,-0.68,0.0,0.09,0.35,-0.02,0.29,-0.32,0.3,0.0,-0.14
0.27,0.34,0.96,0.13,0.06,0.78,0.18,0.07,0.0,0.07,0.15,-0.17,-0.02,1.54,-0.28,0.43,0.13
0.15,0.56,0.1,-0.41,0.76,0.62,0.36,0.07,-0.38,0.09,-0.4,-0.75,-0.22,0.01,-0.11,-0.13,0.37
0.24,0.73,0.38,-0.14,0.02,-0.08,-0.66,-0.4,0.03,-0.07,-0.05,0.35,0.2,-0.09,-0.14,-0.9,0.18
0.03,0.02,0.13,0.17,0.05,-0.08,0.09,0.08,0.26,0.37,0.43,0.55,0.16,0.89,0.36,0.51,0.7
0.1,0.1,0.4,-0.44,-1.92,-0.04,-1.03,-0.99,-0.82,-0.41,-0.82,-0.74,-0.23,-1.0,-0.26,-0.4,0.02
0.02,0.18,0.04,0.34,1.17,0.0,-0.04,0.97,0.0,0.01,0.04,0.25,0.42,0.42,0.0,0.14,0.71
-0.02,-0.22,-0.19,0.06,-0.64,-0.2,-0.39,0.14,-0.34,0.09,0.12,-0.6,0.17,0.19,0.02,-1.28,-0.23
-0.0,0.06,0.5,0.29,-0.53,0.31,-0.1,1.12,0.08,0.08,-0.58,0.44,-0.24,-0.11,0.03,1.24,0.72
-0.07,0.14,-0.45,0.33,0.53,1.33,-0.6,-0.81,-0.29,-0.46,-1.21,-0.51,-0.77,-0.67,-1.05,0.42,-0.48
-0.42,0.18,0.15,0.47,-0.36,0.32,-0.14,1.61,0.04,1.39,1.28,1.92,1.02,0.0,0.53,-1.01,0.31
-0.03,-0.22,1.24,0.37,0.84,0.03,1.08,-0.62,0.0,0.64,-0.18,-1.45,0.06,1.55,0.25,0.1,0.14
0.26,0.27,-0.2,-0.98,-0.36,0.33,-0.17,0.39,-0.09,0.09,-0.09,2.44,-0.33,0.13,-0.23,-1.55,-0.36
0.04,-0.17,-0.0,0.07,-0.32,-0.16,-0.05,0.18,-0.2,0.0,0.73,0.74,0.43,-0.4,0.07,-0.66,0.12
-1.12,0.49,1.86,-0.2,1.23,1.17,0.89,0.87,0.3,1.78,0.28,-0.16,0.49,0.0,-0.07,-0.65,0.25
0.41,-0.1,0.53,-0.38,-0.26,-0.08,-0.47,0.24,-1.06,-0.18,0.13,-0.47,-0.35,1.15,0.9,0.0,0.35
-0.22,0.48,0.0,-0.24,0.3,0.33,0.39,-0.14,0.0,0.28,0.46,-0.96,0.25,-1.02,0.07,0.12,0.1
-0.09,-0.1,0.04,0.49,-0.02,0.14,0.0,-0.05,0.18,-0.07,-0.36,-0.4,0.14,-0.58,0.03,0.53,0.04
-0.07,1.02,1.73,0.77,1.39,-1.07,3.57,-0.18,-0.28,-0.66,-0.74,-0.83,-0.51,0.62,-0.65,-2.55,0.04
-0.13,0.03,-0.1,0.08,-0.3,-0.46,0.35,-0.57,-0.3,0.02,0.5,-0.02,-0.3,0.03,0.22,2.69,0.03
-0.25,0.55,-0.2,0.53,0.79,0.1,0.95,-0.83,-0.13,-1.49,-0.95,-0.86,-1.03,-1.03,-0.61,-1.93,-0.43
-0.65,-0.33,-0.82,0.56,-0.05,0.19,-0.66,-0.36,0.0,-0.42,-0.48,-0.48,-0.43,0.47,-0.68,-1.05,-0.17
0.04,-0.13,-1.32,0.38,0.21,-0.84,-0.08,-0.55,-0.1,-0.4,0.31,-0.42,-0.46,-0.31,-0.24,0.43,0.07
0.42,-0.88,-0.0,-0.51,-0.1,-0.28,-0.04,-0.63,-0.47,-0.31,-0.35,-0.59,-0.57,-0.65,-0.01,-2.27,-0.13
-0.06,-0.58,-1.57,-0.69,-1.03,-0.55,-1.62,-0.62,-0.83,-0.44,-0.45,0.24,-0.52,-0.63,-0.56,0.0,-0.59
0.42,0.16,1.47,0.37,0.58,1.06,0.04,0.22,0.4,0.55,0.63,0.75,0.71,-0.22,0.19,2.38,0.8
0.33,0.23,0.2,-0.21,0.62,0.71,-0.03,-0.51,0.0,-0.41,0.4,-0.78,-0.95,-0.52,-0.08,1.28,-0.43
0.34,-0.19,-0.6,0.39,0.21,0.05,-0.07,0.44,0.06,0.5,1.26,0.15,0.21,-0.03,0.12,0.0,0.31
-0.02,0.3,0.7,0.91,1.91,0.36,1.19,0.62,0.53,0.83,0.27,-0.32,0.21,0.42,0.3,1.58,0.69
0.19,0.38,0.48,0.42,0.62,0.25,0.2,-0.05,0.03,-1.16,-0.35,0.21,-0.04,-0.34,0.1,-0.1,-0.27
0.35,-0.06,0.12,0.13,0.53,0.27,0.59,0.08,0.0,0.39,0.11,0.21,0.18,0.67,-0.1,-0.44,0.14
0.55,0.1,-0.24,-0.91,-0.6,0.13,-0.71,-1.07,-0.29,-0.46,-0.66,0.1,-0.36,-0.87,-0.35,-0.13,0.1
-0.41,-0.08,-0.04,0.34,-0.02,-0.31,0.17,0.52,0.75,0.46,0.61,0.81,0.36,0.66,1.04,0.11,1.09
-0.02,0.45,0.49,0.18,-0.19,-0.05,-1.18,0.15,0.18,0.02,-0.17,1.22,0.34,0.29,-0.9,-1.94,0.44
0.53,-0.69,0.57,-0.83,-1.51,-1.35,-1.1,0.19,0.42,-0.29,0.15,-0.55,-0.38,0.42,-0.9,-1.0,1.39
-0.02,0.33,0.41,-0.05,-0.35,-0.95,0.26,-1.17,0.0,-1.25,-0.47,-1.23,-0.5,-0.5,-0.36,0.41,-0.17
-0.04,-0.07,-0.49,0.05,0.22,0.11,0.64,1.16,-0.3,1.53,0.58,1.23,0.93,1.01,0.53,1.14,0.24
-0.16,-0.23,-0.37,-0.06,-1.01,-0.2,-0.27,0.24,-0.43,-0.08,-0.43,0.03,-0.04,-0.74,-0.16,-0.74,-0.45
-0.64,-0.44,-1.97,-0.4,-2.14,-0.63,0.49,-0.49,-0.8,-0.38,0.23,-0.27,-0.5,-0.67,0.28,1.0,-0.16
0.47,0.54,1.45,-0.71,0.28,1.08,-0.99,0.68,-0.19,0.36,-0.42,0.77,0.38,0.39,-0.37,-1.07,0.29
0.73,0.28,1.39,0.68,1.19,0.91,0.09,1.4,0.0,0.83,0.52,0.57,0.78,0.0,1.0,0.34,0.49
0.57,0.07,0.56,1.18,1.14,0.62,2.07,-0.36,0.42,-0.23,-0.05,-0.14,-0.16,0.7,0.8,0.09,0.23
0.02,0.25,-0.32,-1.3,-0.59,-0.68,0.57,0.16,0.19,0.46,0.5,-0.18,0.36,-0.38,0.63,1.39,0.49
0.03,0.14,-0.47,0.71,1.49,-0.53,-1.33,-1.44,-0.37,-0.44,0.35,-0.27,-0.78,-0.99,-0.05,-1.22,0.33
0.46,-0.17,-0.28,-0.36,-0.19,0.59,0.96,-0.93,0.24,-0.44,-0.12,-0.82,-0.42,0.19,-0.65,-0.67,-0.31
0.5,-0.24,-0.62,-0.88,-1.09,0.65,-0.39,-0.44,0.0,0.27,0.12,-0.26,0.18,-0.97,0.57,0.25,0.58
-0.06,0.7,1.55,-0.0,0.7,0.41,-0.44,1.34,0.55,1.59,0.61,0.92,0.81,3.89,0.62,0.7,0.57
0.74,0.54,-0.15,1.09,0.7,0.7,-0.77,-0.52,-0.02,-0.72,-0.56,-0.1,-0.09,0.4,0.09,-0.6,-0.15
-0.11,0.06,0.1,-0.28,-0.07,-0.18,-0.72,-0.74,0.33,-1.11,-0.9,-0.26,-0.65,-0.35,-0.25,0.94,-0.11
-0.12,-0.25,-0.11,0.53,0.45,-0.06,-0.46,0.59,0.58,0.31,1.18,0.95,0.03,0.92,1.05,2.41,0.23
0.35,0.15,0.16,-0.24,0.72,0.55,0.46,-0.14,0.0,-0.28,-0.32,-1.19,-0.02,0.0,-0.15,0.07,-0.11
0.0,0.0,-0.2,0.58,0.0,0.21,-0.38,0.0,0.01,0.0,0.0,0.0,0.0,0.0,0.0,0.69,-0.03
-0.27,0.0,0.08,-1.28,0.07,-0.29,0.44,-0.04,-0.14,-0.02,0.38,-0.16,0.2,-0.33,0.37,0.48,0.11
0.31,0.3,-0.56,0.54,0.9,-0.19,-0.16,-0.36,0.4,-0.69,-0.26,-0.71,-0.29,0.18,0.03,0.43,0.26
-0.06,-0.38,-0.08,0.38,0.19,0.62,0.33,-1.21,0.0,-0.48,-0.25,-0.49,-0.34,-0.43,0.85,0.0,-0.48
0.01,-0.06,0.0,1.43,1.99,-0.0,0.0,-0.04,0.58,-0.36,0.0,0.35,0.04,0.71,-0.52,1.95,0.42
0.21,0.15,0.0,0.61,0.15,-0.06,2.05,0.27,-0.41,0.83,1.03,0.37,0.66,1.25,0.3,0.13,0.4
0.27,0.11,3.26,0.33,0.57,0.52,2.07,2.77,0.66,1.46,0.32,1.96,1.31,1.94,0.32,0.84,0.61
0.17,0.74,0.89,0.23,0.25,0.54,0.45,1.11,0.0,1.15,0.5,0.94,0.96,-0.12,0.37,0.54,0.88
-0.29,0.13,0.0,0.49,0.28,0.58,0.0,0.37,-0.44,0.36,-0.16,-0.12,0.43,-0.02,-0.36,0.39,-0.05
0.1,0.09,0.57,0.31,0.36,0.26,0.81,0.7,-0.08,0.13,0.73,0.27,0.66,0.25,0.45,-0.65,0.41
-0.77,-0.64,-0.26,0.18,0.2,-0.03,0.31,0.66,-0.79,-0.78,-0.9,0.02,0.38,1.05,0.23,-0.84,-0.07
-1.34,-0.48,-0.33,0.02,0.15,0.2,0.64,0.64,0.97,-0.59,-0.22,0.07,-0.05,0.13,0.19,1.49,0.81
-0.07,0.04,-0.24,0.2,0.94,0.26,0.71,0.53,0.0,0.32,0.45,0.26,0.21,-0.05,0.2,-0.02,0.89
0.56,-0.47,1.0,0.75,1.81,-0.21,-0.16,-0.21,0.1,0.35,-0.77,0.51,-0.01,0.19,-0.17,0.1,-0.04
0.55,-0.54,-0.35,-0.03,0.25,0.89,0.89,0.08,-0.49,-0.47,-0.25,-0.44,-0.37,0.47,-0.39,1.7,1.25
-0.33,-0.02,-0.44,0.66,0.43,0.51,0.86,0.49,-0.11,0.74,0.13,-0.4,-0.16,0.01,-0.32,-0.28,-0.37
0.18,-0.15,0.19,0.24,0.41,0.71,-0.48,0.5,0.0,1.15,0.61,0.45,0.41,0.4,0.39,0.32,0.21
0.57,-0.23,0.03,0.71,0.43,0.81,0.97,0.59,0.29,0.22,0.2,1.0,0.43,1.06,-0.2,0.56,0.55
-0.37,0.75,1.29,0.95,1.66,0.96,-0.42,-0.22,0.14,0.71,0.24,0.24,-0.36,0.2,0.21,-1.22,-0.01
0.18,0.29,-0.76,0.3,0.09,0.06,0.35,-0.9,0.33,-1.07,-0.04,-0.44,-0.37,-0.42,-1.14,3.72,0.16
0.67,-0.08,-1.13,-0.39,-0.92,-0.31,0.57,0.41,0.28,-0.87,-0.68,0.31,-0.06,-0.56,-0.36,0.0,0.54
-0.69,0.0,-0.16,0.33,1.53,0.0,-1.07,0.58,0.0,0.31,0.34,0.0,0.43,0.1,0.65,2.21,0.85
0.2,0.42,-0.01,-1.4,-0.56,0.65,-0.48,-0.23,-0.29,-0.12,-0.61,-0.38,-0.16,-0.54,0.08,-0.97,-0.67
-0.47,-0.87,-1.43,-0.81,-1.09,-0.69,-0.17,-1.35,-0.71,-0.95,-0.25,-1.21,-0.69,-1.07,-1.09,-0.25,-1.37
1.74,0.25,-0.83,-0.04,0.86,-0.19,0.42,0.11,0.56,-0.06,-1.04,0.22,-0.36,-0.09,-0.72,0.51,0.28
-0.73,0.87,1.68,-1.2,-0.75,-0.16,0.55,0.15,-0.47,-1.41,-0.48,-0.5,-0.2,-0.19,-0.57,0.69,0.14
0.38,0.51,-0.9,0.36,-0.12,-2.34,-0.9,-1.44,0.0,-1.68,-0.76,-1.81,-1.22,-1.37,-0.63,-1.7,-2.54
-2.04,-1.56,-2.55,0.51,-1.09,-0.88,-0.22,-1.64,-0.46,-0.76,-1.3,-1.44,-1.38,-0.88,-1.46,-2.59,-4.6
-0.06,-3.2,-4.73,-3.27,-5.12,-1.61,-1.7,-2.08,-1.53,-2.32,-2.9,-2.53,-2.53,-2.81,-2.64,2.48,2.33
-0.5,0.75,0.16,-1.69,-0.89,-0.33,0.73,2.86,0.99,1.6,1.57,1.7,2.45,2.94,1.93,-1.34,-0.08
-0.19,0.24,1.13,-1.1,0.42,0.97,-1.22,-2.26,-1.26,-2.62,-2.36,-2.21,-2.0,-3.13,-1.49,-1.49,-4.15
-1.1,-0.89,-2.32,-4.2,-3.1,-1.18,-1.35,-1.33,0.0,-1.25,-0.93,-1.2,-0.91,-1.31,-1.09,-0.78,1.38
-0.38,-0.3,0.0,0.98,-0.16,0.87,1.05,0.77,0.58,1.45,1.61,1.36,1.08,1.37,1.19,0.0,1.7
0.79,0.6,-0.65,1.12,1.29,0.0,1.37,-1.35,-0.09,-0.7,-0.79,-1.23,-0.85,-0.43,-0.13,0.0,0.16
-0.76,-0.25,-0.43,0.62,2.27,-0.42,0.33,1.81,0.52,1.17,1.67,0.37,0.19,0.07,0.64,3.27,1.03
0.04,1.16,1.47,0.0,1.97,0.41,0.33,0.28,1.05,0.06,0.21,0.3,0.46,0.13,0.29,0.9,1.23
0.79,-0.08,1.19,0.0,0.0,-0.84,-0.45,1.34,0.0,0.86,0.77,1.21,0.79,0.46,0.83,0.28,0.08
-0.21,-0.01,-1.01,0.0,-0.78,-0.21,0.67,0.46,-0.61,0.83,0.82,0.91,0.41,-0.18,-0.01,1.19,-1.01
1.24,0.05,0.21,0.0,1.81,0.42,2.21,-0.09,0.23,-0.14,0.08,-0.73,0.3,0.72,0.48,0.29,-0.67
0.82,0.12,-1.07,2.03,-1.48,-0.07,0.71,-0.84,-0.19,-0.07,-0.24,0.54,0.72,-0.29,-0.4,0.74,0.66
0.42,0.82,0.72,0.64,0.97,0.95,0.0,0.93,0.0,0.18,-0.21,-0.55,-0.16,-0.27,-0.11,0.7,1.39
0.46,0.71,1.19,1.13,0.74,0.89,0.7,0.15,0.05,0.35,0.87,0.81,0.5,0.06,0.62,0.41,1.58
0.23,0.24,1.07,-1.06,-0.73,-0.29,-0.48,0.08,0.15,-0.29,-0.37,-0.02,0.44,0.57,-0.1,-0.82,-1.16
0.21,-0.68,-1.44,-0.82,-1.36,-0.47,-1.93,-0.51,-0.69,-0.44,-0.96,-0.61,-0.39,1.36,-0.69,-1.82,-1.5
-0.49,-0.71,-1.56,0.65,0.65,-0.4,0.05,-0.7,0.0,-1.97,-1.28,-1.03,-1.27,-0.79,-0.78,0.03,-1.68
-0.62,-0.74,-2.5,-0.66,-1.48,0.0,-0.39,-2.39,0.0,-2.27,-1.86,-2.13,-1.89,-1.74,-1.47,0.45,-0.29
-0.11,-0.57,-0.66,0.08,-2.28,-0.88,0.9,-0.42,-0.64,1.49,2.08,0.63,0.98,0.45,0.65,0.3,1.37
0.59,1.14,1.79,1.19,2.09,-1.27,-0.27,1.75,0.36,0.19,-0.48,-0.04,0.24,1.23,0.43,-0.43,0.04
-0.5,-1.01,-0.77,-0.59,-1.03,-0.85,-0.52,1.22,-0.18,1.09,0.22,0.13,0.33,-0.22,0.16,-0.2,-0.33
0.72,0.69,0.54,0.73,1.52,0.96,0.0,1.15,0.13,0.9,1.27,0.49,1.15,0.72,0.63,-0.58,0.38
0.35,0.34,0.47,0.65,1.11,-0.13,0.89,0.06,0.0,-0.07,0.4,0.41,0.32,0.65,0.3,1.63,1.77
-0.08,0.55,1.65,0.6,1.93,1.83,0.27,0.08,-0.05,0.58,0.44,0.43,0.39,-0.06,-0.13,0.61,-0.62
0.06,-0.36,0.66,-0.75,0.02,-0.18,0.06,-0.32,0.55,-1.59,-1.0,-0.37,-0.8,-1.01,-1.05,-0.59,-0.68
-0.59,-0.66,-0.87,-0.58,-0.53,-0.06,-1.9,-1.05,-0.19,0.14,-0.13,-0.03,-1.04,-0.64,-0.09,-0.39,-1.0
0.01,-0.24,0.12,0.29,0.34,-0.44,-0.12,1.16,0.39,0.88,0.11,-0.04,0.55,-0.15,0.1,-1.3,0.47
0.15,0.48,-0.58,-0.67,-0.12,-1.51,0.97,0.63,0.0,0.36,0.04,0.79,0.27,0.66,0.34,-0.05,0.29
0.24,0.17,-0.9,0.41,0.04,-0.76,-0.56,-0.98,-0.96,-1.39,-0.8,-0.99,-1.03,0.41,-1.69,-1.15,-1.35
-0.05,-0.39,-0.47,0.22,0.11,0.22,0.41,0.73,0.09,0.74,0.41,0.18,0.39,0.75,0.26,0.3,0.47
1.44,0.23,0.0,-0.31,-0.43,0.42,0.79,0.1,-0.32,0.01,-0.72,-0.52,-0.25,0.37,-0.32,0.97,-0.18
-0.11,-0.22,0.99,-0.63,-1.09,-0.39,-1.02,-1.85,-0.88,-1.7,-1.66,-1.49,-1.71,-1.68,-1.23,-0.25,-2.93
-0.95,-1.96,-4.51,-3.51,-2.45,-1.24,-0.01,-0.49,0.0,-1.77,-0.8,-0.99,-1.08,-0.8,-0.44,-0.46,-1.77
0.24,-0.52,0.72,-0.36,0.79,1.44,-1.95,-1.24,0.75,-0.83,-0.7,-0.13,-0.52,0.07,-0.48,0.84,2.84
0.85,0.72,2.65,1.03,0.79,0.33,0.97,0.9,0.7,1.56,1.52,0.99,0.72,0.27,1.62,-1.5,-1.43
-1.5,-0.73,-1.34,-1.49,-2.5,-0.62,-0.59,0.55,-0.97,-0.25,1.36,0.86,0.73,0.2,0.64,0.08,-0.04
-0.84,-0.52,0.61,1.16,0.24,0.0,1.13,0.36,0.12,1.31,-0.17,0.48,0.12,0.0,0.17,1.78,1.07
0.02,0.0,-0.31,-0.02,0.0,0.87,-0.63,0.0,-0.63,0.0,0.0,0.0,0.0,0.0,0.0,-0.82,-1.9
0.13,-0.13,-0.45,-0.75,0.29,0.35,0.32,0.44,-0.5,-0.78,-1.26,-0.53,-0.67,-0.76,-0.37,-0.05,1.65
0.88,0.17,0.13,-0.19,-2.19,-1.05,0.08,-0.3,-2.26,-0.37,-0.89,-0.38,-0.6,-0.36,0.05,-0.31,0.96
-0.46,0.48,1.53,0.0,0.0,1.75,1.35,2.35,0.0,2.9,2.21,2.39,2.12,2.73,2.35,1.01,0.99
0.33,-0.0,-0.36,0.0,1.11,0.09,-0.65,-0.17,0.0,-0.52,-0.82,-0.6,-0.49,-0.88,-0.22,-0.46,-2.34
1.3,0.35,0.51,0.16,1.29,0.48,-8.34,0.54,0.14,0.17,0.18,0.62,0.01,-2.41,0.15,-1.78,0.19
0.16,0.83,0.54,1.66,1.65,0.27,3.96,0.52,1.56,1.11,0.79,0.21,0.45,0.82,1.0,1.44,1.79
-0.15,-0.48,-0.49,0.33,0.55,0.18,0.85,-0.69,-0.11,-0.83,-0.54,-0.28,-0.81,-0.93,-0.13,0.87,-0.9
-0.55,-0.23,-0.12,-0.92,-0.22,0.47,0.82,1.27,1.54,0.98,0.76,0.12,0.71,1.66,0.02,0.23,1.21
0.11,0.23,0.55,-0.66,-0.07,0.27,-1.58,0.11,0.0,0.22,0.02,0.21,0.12,-0.12,0.09,-1.3,-0.5
-0.13,0.21,0.26,-1.51,-1.6,0.33,-1.45,-0.0,0.33,-0.41,-0.57,-0.01,-0.52,-0.04,-0.91,-1.75,0.87
-0.76,0.0,0.06,-1.46,-0.83,0.26,2.22,1.37,0.55,1.57,1.07,0.39,0.82,0.29,0.39,1.48,0.87
0.3,0.34,1.42,0.72,0.74,-0.18,2.3,0.47,0.0,0.04,0.13,0.54,0.28,0.68,1.26,2.01,-0.16
0.05,0.33,0.15,0.89,1.4,0.28,-0.49,0.14,0.0,-0.19,0.01,0.11,0.03,0.76,0.16,0.06,-0.34
-0.57,-0.21,-0.13,-1.46,-0.94,-0.03,0.09,0.16,0.0,-0.21,-0.29,0.16,0.24,0.17,0.54,-0.32,-0.82
-0.59,0.29,-0.33,-0.07,-0.54,0.1,0.82,0.64,-0.75,0.25,-0.01,0.38,0.32,0.4,0.42,0.06,-0.06
-0.19,0.6,0.86,2.03,1.26,0.48,0.12,0.22,0.0,-0.17,-0.11,-0.39,-0.05,0.7,0.36,-0.16,-1.74
0.0,0.0,-0.28,-0.29,-1.01,-0.33,-0.01,-0.97,-1.41,-1.02,-0.64,-0.26,-0.98,-2.16,-0.62,-0.5,0.25
0.06,-0.18,0.47,-1.5,-1.06,0.62,1.44,1.0,0.48,0.63,1.08,0.45,0.39,0.51,0.57,1.57,0.99
1.02,0.72,0.66,0.02,0.91,0.74,0.68,-0.47,0.0,0.64,0.09,0.23,0.12,0.47,1.09,0.07,-0.05
0.83,0.49,0.0,0.0,1.74,0.55,0.42,0.22,-0.59,0.25,0.49,0.56,-0.07,-0.26,0.09,-0.38,-0.61
-0.11,0.54,0.18,0.0,0.0,0.0,0.0,0.0,-0.1,0.0,0.0,0.0,0.0,0.0,0.15,0.0,-0.27
0.71,0.58,-0.16,0.02,-0.27,0.05,-0.03,1.19,0.85,1.51,0.11,1.09,0.27,0.21,0.3,-1.82,-0.72
0.61,0.8,0.0,0.64,-1.34,-0.21,-1.4,-0.83,-0.49,-0.88,-0.61,-0.5,-1.25,-0.02,-0.54,-1.49,0.02
0.07,-0.58,0.0,-0.35,-1.28,-0.53,0.68,1.12,0.0,1.02,0.7,0.65,0.59,-0.64,0.86,-0.2,1.39
0.13,0.36,-0.03,1.4,0.23,0.84,0.33,0.86,-0.09,1.0,0.84,0.36,-0.14,0.92,0.0,-0.49,0.39
0.11,0.12,0.18,0.96,1.36,0.02,0.21,-1.64,-0.7,-0.28,-0.38,0.27,0.55,-0.72,-0.02,0.29,0.01
0.31,0.26,-0.44,-0.17,0.44,0.29,0.0,0.51,0.38,0.24,0.44,0.52,-0.45,1.18,1.28,1.58,0.75
0.12,0.18,0.39,0.43,0.89,-0.21,0.47,-0.96,0.15,0.62,0.0,0.25,-0.22,0.0,0.5,1.89,0.8
0.5,-0.04,1.16,-0.43,1.02,0.82,1.4,0.52,0.0,-0.17,0.1,0.24,-0.0,0.63,0.31,-0.75,0.37
0.51,0.31,0.47,0.48,1.35,0.06,0.53,0.26,0.12,-0.18,0.08,-0.13,0.03,-0.27,-0.18,0.01,0.27
-0.08,-0.61,-0.21,0.5,-1.23,-0.04,-0.87,0.31,0.32,-0.06,-0.07,-0.49,-0.24,0.52,0.16,-0.12,-0.78
-1.79,0.15,-0.44,-0.72,-0.13,-0.44,0.06,-2.32,0.71,0.2,-0.23,-0.95,-0.49,-1.15,0.15,1.65,0.25
0.51,-0.21,0.53,-0.63,-0.54,-0.67,-0.64,0.29,0.93,0.91,0.16,1.04,1.06,0.57,0.7,-3.37,-0.22
0.62,-0.11,0.4,1.01,0.34,-0.86,0.15,-1.48,0.0,-0.28,-0.53,-1.02,-0.19,-0.7,-0.12,-0.65,0.0
-0.12,-0.05,0.31,0.69,0.6,-0.67,0.24,-1.52,0.78,0.0,0.0,-0.45,0.36,0.0,1.03,-1.52,1.21
-0.02,-0.7,-0.18,-0.18,0.0,0.1,-0.25,0.54,-0.54,0.71,-0.05,0.72,0.3,0.82,0.23,1.13,-0.72
-0.69,-0.16,-1.18,-1.27,-1.82,-0.88,-1.35,-1.31,-0.56,-1.47,-1.58,-1.12,-0.76,-0.93,-1.13,-2.26,0.21
0.45,0.08,-1.11,-0.55,0.31,0.93,-0.07,-0.71,0.32,-0.94,-0.27,-0.29,-0.7,-1.37,-0.92,-0.92,-0.3
0.54,-0.07,0.06,-0.38,-0.56,0.76,0.55,-1.54,0.0,0.65,-0.14,-1.7,-0.08,-0.84,0.18,-1.53,-0.24
-0.12,0.16,-0.55,-0.56,-1.0,-0.61,-0.57,-2.65,-0.83,-1.53,-1.58,-2.49,-1.89,-2.15,-1.26,0.95,-1.58
0.19,-0.48,-1.52,-2.34,-1.4,-0.12,-0.02,2.09,0.05,0.93,-0.68,0.47,0.64,0.92,0.75,0.9,1.26
0.11,0.45,0.83,1.74,1.37,1.19,0.23,-0.06,-0.03,-1.4,-1.42,-1.05,-0.54,0.0,-0.15,0.0,-1.02
-0.34,-0.36,-0.14,-0.76,0.08,-0.27,-0.33,1.49,0.0,0.95,1.91,1.76,1.2,-0.16,0.31,0.63,0.9
0.02,0.59,1.37,0.7,1.66,-0.61,1.23,-0.45,0.19,0.37,0.18,1.22,0.67,-0.69,0.51,1.76,0.72
1.35,-0.51,0.28,0.91,0.31,-0.31,-0.23,-1.18,0.57,0.13,-1.11,-0.66,-0.93,-1.97,-0.7,-2.49,-0.06
0.67,0.5,0.38,-0.07,0.53,0.79,-0.12,0.26,-0.26,0.34,0.08,1.09,-0.21,0.99,0.33,-0.68,1.4
0.93,0.53,0.87,-0.18,0.81,0.81,0.03,-0.18,0.32,-0.15,0.04,0.38,0.02,1.7,-0.1,-2.98,0.38
0.44,-0.2,-0.56,-1.48,-1.76,-0.05,-2.08,-1.89,0.0,-0.35,-0.42,-0.84,-0.55,-0.22,-0.3,-1.23,0.3
0.47,0.0,0.48,-0.22,0.34,0.11,-0.43,3.42,0.44,0.6,1.31,1.56,1.15,0.96,0.73,-0.87,0.02
-0.02,0.15,0.33,0.95,0.13,0.59,0.0,0.15,-0.04,-0.0,0.2,0.16,0.07,-0.1,-0.43,0.62,-0.01
0.23,-0.51,0.38,-0.93,-1.22,0.13,-0.04,0.44,0.11,0.38,-0.07,-0.15,-0.07,-0.62,-0.0,-0.87,-0.47
0.08,-0.11,-0.99,-0.17,-0.93,-0.39,-0.76,1.22,0.12,1.68,0.65,0.59,0.43,0.55,0.81,-0.97,-0.1
-0.05,1.29,0.5,-0.76,-0.43,0.06,-0.71,-1.32,0.0,-0.74,-0.55,-1.07,-0.71,-0.79,-1.7,-0.93,-0.34
0.16,0.17,-0.75,0.0,0.0,-0.21,-0.67,-0.41,-0.49,-1.36,-1.42,-0.83,-1.06,-1.19,-0.03,-1.33,-0.41
-1.2,-0.03,-1.77,-4.01,-2.78,-0.74,-0.05,-0.07,-0.51,-1.22,-0.66,-0.14,-0.46,-1.23,-0.36,2.26,-1.15
0.39,1.16,1.24,0.32,0.77,0.74,1.57,0.16,0.79,0.14,1.11,0.34,0.12,-0.61,0.31,1.02,-0.17
0.93,0.96,0.61,-1.24,-1.35,-0.32,-0.46,-2.02,-0.56,-1.44,-1.14,-0.89,-0.6,-0.07,-0.93,-2.84,-0.8
-0.01,-0.11,-0.78,0.6,0.15,0.73,0.17,0.99,0.0,0.54,1.85,0.93,0.97,1.25,1.67,0.81,0.49
0.15,-0.24,-0.79,-1.27,-1.29,-0.61,-0.58,-2.44,-0.83,-2.46,-1.83,-1.78,-1.41,-1.8,-2.24,0.44,-1.33
-0.1,-0.21,0.02,-0.57,-0.28,0.06,-0.25,0.3,0.08,-0.29,0.23,0.2,-0.02,0.09,0.37,0.64,0.12
0.11,-0.03,-0.31,-1.48,-1.82,-0.77,1.01,0.65,0.34,0.93,0.31,0.22,0.52,1.05,1.11,-1.11,-0.68
-0.04,0.31,-0.01,-1.01,0.5,-0.51,-0.15,-0.58,-0.88,-1.39,-0.5,-0.72,-0.72,-0.58,-0.08,1.64,0.41
-0.65,-0.33,0.15,2.28,1.61,1.1,2.03,0.9,0.0,1.06,1.74,0.35,0.48,0.32,0.28,1.39,0.23
-0.32,-0.27,-2.21,-2.63,0.0,-0.45,1.02,-0.92,-0.31,-0.55,-0.93,-0.67,-0.61,-0.82,-1.17,0.11,0.15
1.26,0.52,-0.12,0.45,-1.41,0.32,-0.76,1.57,0.65,0.91,1.12,1.07,0.49,-0.15,0.6,1.14,-0.54
0.39,0.52,-0.78,-1.03,-0.21,-0.2,1.86,1.05,-0.13,1.19,0.12,1.11,0.73,0.2,0.4,-0.25,0.75
0.21,0.91,1.12,0.6,0.47,0.23,-0.06,0.05,0.0,0.26,0.27,0.39,0.63,0.22,0.19,0.61,0.41
0.13,0.22,1.21,2.48,1.32,0.78,1.18,0.49,0.3,0.38,0.72,0.22,0.7,0.38,0.92,0.0,1.31
-0.41,-0.44,0.66,0.27,-0.02,0.85,-0.34,0.11,0.59,0.53,0.1,-0.38,0.17,0.77,0.05,-0.2,0.58
-0.25,-0.68,-1.19,-1.78,-1.29,0.07,-1.23,-1.58,-0.26,-1.53,-0.98,-1.57,-0.62,-1.65,-1.3,-0.62,-0.88
-0.22,0.85,1.17,2.01,0.6,0.78,-0.6,0.38,0.62,0.61,1.56,0.35,0.57,0.64,0.78,1.96,0.91
0.44,0.0,1.85,0.25,0.16,-0.02,1.05,0.47,0.0,0.38,0.49,-0.33,0.07,0.37,0.14,0.97,0.38
-0.27,-0.43,0.0,-0.58,0.05,-0.6,-0.52,-0.32,-0.22,0.16,-0.15,-0.18,0.07,0.19,-0.8,0.08,0.18
-0.01,-0.61,0.44,-0.4,-1.25,0.54,-1.0,0.71,0.08,0.8,-0.26,0.03,0.29,-0.26,0.34,1.93,0.22
-0.35,0.67,0.43,-0.32,-0.23,-0.4,-0.7,-0.03,0.13,0.82,1.29,0.35,0.07,0.89,0.65,-0.98,0.32
-0.36,0.28,-0.13,-0.27,-0.38,-0.06,-1.1,-0.4,-0.28,-0.62,-0.05,-0.33,-0.29,-0.3,0.1,0.16,-0.53
0.49,0.37,-0.29,2.05,0.76,0.4,-0.95,-0.41,0.0,-0.98,0.64,0.04,0.15,0.2,-0.07,1.4,-0.03
-0.37,-0.93,-1.33,1.11,0.11,0.61,0.6,-0.87,0.09,-0.1,-0.35,0.01,0.45,-0.09,-0.3,-0.73,-0.06
0.4,0.61,0.51,1.56,1.44,0.29,0.75,1.25,0.96,1.12,0.51,0.48,0.79,1.51,0.7,1.49,0.79
0.4,-0.29,0.46,0.01,0.9,0.09,0.2,-1.43,0.57,-0.87,0.15,-0.72,0.04,0.26,-0.66,1.34,0.68
-0.01,-0.05,-0.12,-0.75,-0.48,0.34,0.45,1.4,0.53,1.83,1.33,0.79,0.29,0.8,0.06,-1.01,0.44
0.63,0.89,0.56,-0.32,0.08,0.95,-0.02,0.42,0.0,0.4,0.37,0.9,1.31,0.39,0.5,0.58,-0.3
-0.84,-0.35,-0.74,-0.11,-0.25,0.42,0.13,-0.06,0.4,-0.48,-0.11,-0.14,-0.26,-0.12,-0.01,0.51,-0.57
-0.03,0.03,0.04,0.1,-0.52,0.3,1.11,1.25,0.01,0.06,0.12,0.17,-0.42,0.61,0.62,-1.31,0.43
-0.63,-0.07,0.86,-1.83,-0.85,-0.23,-0.26,-1.91,0.48,-0.53,0.0,-0.72,-0.11,0.14,-1.24,0.1,-0.32
-0.14,-0.55,-1.03,-1.98,-2.21,-0.95,-0.87,-1.73,-0.57,-1.5,-0.2,-1.03,-0.83,-0.85,-1.01,0.42,-0.03
0.2,-0.1,0.06,-1.12,-0.14,1.05,0.12,0.8,0.0,0.55,0.03,0.43,0.31,0.58,1.1,2.26,0.54
0.29,0.61,-0.08,-1.21,0.52,0.36,0.08,-0.03,0.01,-0.14,-0.09,-0.18,-0.2,0.32,0.06,-0.47,0.16
-0.29,-0.3,0.69,2.74,1.54,-0.07,0.54,1.27,0.13,0.4,0.57,0.52,0.46,0.7,0.71,-0.87,0.5
-0.03,0.23,-0.08,-1.3,0.39,0.59,-0.83,-0.29,-0.54,-0.12,-0.27,-0.26,-0.53,-1.11,0.75,-1.49,-0.18
0.7,0.47,-0.2,2.13,0.88,0.36,0.72,-0.72,-0.52,0.34,-0.33,0.08,0.65,-1.46,-0.45,-0.48,-0.29
0.81,-0.31,-1.33,0.09,-0.84,-0.41,-1.5,-2.51,0.0,-1.99,-1.25,-1.56,-1.8,-1.11,-0.97,-2.86,-0.77
-0.3,-0.42,-1.98,-0.42,-1.52,-0.59,0.46,-0.58,-0.44,-0.53,-0.29,-0.75,-0.45,-0.84,-0.32,1.28,-0.5
0.3,0.76,2.28,-0.34,-0.66,0.55,-0.12,-0.3,-0.26,0.0,0.05,-0.25,0.22,-0.34,-0.4,1.43,0.45
0.16,0.47,-0.68,-2.23,-1.55,0.0,-0.69,0.0,-0.73,-1.58,-0.93,-1.26,-1.33,0.0,-1.49,-1.94,-0.54
0.14,-0.01,-0.05,-0.49,-0.82,-0.5,-0.27,-1.83,1.15,0.61,0.8,0.43,0.42,-0.73,0.78,-0.34,1.58
0.58,0.17,0.35,-1.43,0.42,0.75,-0.26,-0.53,0.0,-0.22,0.07,-0.11,-0.19,0.03,0.03,-1.03,0.43
0.63,0.09,-0.32,0.99,1.41,0.87,0.77,0.27,1.18,0.99,0.62,0.54,0.51,-0.57,0.43,0.39,0.35
0.13,-0.96,0.09,1.48,0.56,0.02,0.85,1.53,0.35,0.43,0.26,0.85,0.34,1.2,-0.34,-1.5,0.25
0.45,-0.29,0.64,-0.51,0.63,0.0,0.23,-0.4,-0.06,0.01,-0.38,0.33,-0.01,0.36,0.11,2.29,-0.34
-0.25,-0.34,0.22,0.37,-0.49,0.13,-1.61,-0.44,1.0,-0.16,0.02,-0.13,-0.03,-0.18,-0.15,-1.65,-0.3
0.2,0.05,0.85,0.18,-0.43,-0.22,0.87,0.65,0.0,0.23,0.04,0.23,0.17,0.13,0.19,0.83,0.52
0.43,0.35,0.88,2.01,2.17,1.16,1.45,0.27,0.91,1.16,0.51,0.73,0.4,0.62,0.0,2.19,1.01
0.1,0.57,0.06,-0.11,0.28,0.52,0.14,-0.85,-0.18,-0.09,-0.16,-0.55,-0.13,0.43,0.52,-0.59,0.06
1.46,0.75,0.15,-0.39,0.23,-0.45,1.39,0.68,0.53,0.27,-0.0,-0.39,0.04,0.05,-0.71,1.18,0.23
-0.33,-0.01,0.09,-1.11,-0.89,-0.08,-0.75,-1.28,0.45,-0.54,-0.46,-1.06,-0.94,-0.4,-0.62,-2.53,-0.53
-0.28,-0.51,-0.02,-0.46,-0.98,-0.12,0.64,-1.1,0.0,-1.04,-0.76,-0.72,-1.08,-0.55,-1.11,0.36,-0.09
0.42,-0.28,-0.05,1.2,0.94,-0.4,-0.41,1.01,-0.83,-1.1,-0.57,0.0,-0.65,-0.4,-0.62,-1.94,-0.05
-0.72,-1.0,-0.51,-1.83,-2.61,-0.37,-0.64,-0.09,-1.2,-1.39,-0.93,-0.8,-0.91,-0.59,-1.0,0.51,0.09
-1.51,-1.12,-0.41,-0.76,-0.99,0.59,-0.03,-0.27,0.07,-0.71,-0.57,-1.0,-0.53,-0.89,-0.87,1.76,0.08
-0.05,-0.27,-0.8,0.55,-0.01,0.38,0.05,-0.39,0.0,0.04,0.28,-0.41,-0.3,0.35,-0.56,0.0,-0.31
-0.17,-0.03,0.3,-1.32,-1.33,-1.22,0.6,2.3,0.0,0.22,0.99,1.09,0.76,0.33,0.02,0.03,-0.23
1.95,0.62,1.3,-0.37,-0.72,-1.34,-0.03,-0.31,0.0,-0.13,-0.17,0.14,0.01,0.22,-0.08,-2.33,0.44
-0.45,-0.06,-0.27,-0.36,-0.29,0.81,0.23,0.52,-0.11,0.52,0.51,0.24,0.6,0.77,0.55,0.63,0.11
0.54,-0.76,0.96,1.08,2.54,0.0,0.71,-0.56,-0.35,0.19,-0.0,0.24,0.04,0.05,-0.43,-0.58,0.57
0.21,0.6,1.2,-0.07,1.01,0.99,0.12,0.19,0.0,0.57,0.11,0.39,0.47,0.65,0.31,0.99,0.03
0.06,0.32,0.0,-1.14,-1.3,-1.33,0.57,1.08,0.39,-0.23,-0.37,0.42,0.14,-0.14,-0.03,1.8,-0.35
0.48,-0.38,1.41,2.06,0.56,-0.78,1.21,0.55,0.0,0.51,-0.23,0.46,0.43,0.63,-0.03,1.99,0.71
0.29,0.46,1.08,1.1,1.19,-0.45,0.08,0.25,0.0,0.5,0.27,0.41,0.03,0.89,0.42,-0.19,0.61
0.0,0.0,0.0,0.0,0.0,0.0,-0.15,0.51,0.63,0.88,0.68,0.0,0.0,0.0,0.49,0.0,0.95
0.0,0.0,0.0,0.0,0.0,0.0,1.08,0.69,0.0,0.85,-0.06,0.0,0.0,0.0,1.67,0.0,0.32
0.18,-0.12,0.0,0.0,-1.62,-1.46,0.13,-0.91,0.0,-0.64,-0.55,-0.81,-0.73,-0.03,-0.42,-1.84,-0.68
-0.07,-0.02,0.29,-0.67,0.0,0.96,0.58,1.54,-0.25,0.19,0.84,-0.2,0.1,0.49,0.66,0.83,-0.26
0.05,0.1,0.39,0.97,1.15,-0.3,-0.69,-0.1,-0.82,0.09,0.65,0.33,-0.19,-0.03,0.05,0.03,-0.4
-0.96,-0.18,-0.99,-0.49,-0.36,-0.6,1.95,-0.62,-0.58,0.4,0.35,0.03,-0.06,-0.25,0.45,1.71,0.21
0.63,0.43,1.36,1.07,0.26,-0.27,0.03,-3.72,0.0,-1.52,-0.27,-1.45,-0.92,-0.92,-0.47,-0.82,0.07
0.47,-0.57,0.52,0.0,0.0,0.83,-0.13,-0.49,0.0,0.75,0.43,0.19,0.22,0.63,-0.19,-0.91,0.73
-0.11,-0.75,0.1,0.0,-2.38,0.0,-0.91,-0.23,0.46,-0.42,-0.44,-1.08,-0.34,0.44,-0.28,3.8,0.46
-0.44,0.32,-0.66,0.0,-0.13,-1.51,1.8,0.84,0.5,0.0,0.97,0.6,1.16,0.45,0.48,2.04,0.2
-0.67,0.49,-0.56,0.0,-1.73,-2.24,-1.16,-0.59,-1.29,-0.35,-0.85,-0.5,-0.82,0.1,-1.22,-0.38,-0.75
-0.49,0.15,-0.8,0.0,-0.19,-2.25,-0.57,-1.3,0.0,-1.08,-0.61,-0.65,-0.76,-0.88,-1.35,-0.76,-0.68
-0.6,-1.38,0.0,-3.76,-1.39,0.28,0.14,-2.43,-0.38,-1.36,-0.86,-0.59,-1.29,-1.01,-1.16,4.57,0.15
-1.08,-0.97,-1.32,-0.03,-0.11,-0.51,-0.43,1.06,0.07,0.25,-0.0,0.67,0.38,-0.03,0.06,0.0,-0.21
-0.39,0.14,0.16,0.05,0.08,1.35,-1.07,-1.71,-1.36,-2.21,-0.79,-1.05,-2.13,-2.43,-1.27,-2.8,-3.15
-4.03,-2.74,-3.89,-5.25,-3.54,-2.19,-2.12,-1.84,-1.04,-1.48,-2.85,-1.69,-2.03,-1.5,-1.94,-0.91,-2.13
1.65,0.2,0.46,0.94,2.12,2.15,1.54,-0.52,0.0,-0.13,0.25,-1.18,0.06,-0.09,-0.16,0.0,1.15
-0.39,-0.99,-1.87,-1.49,-1.38,0.38,-0.58,0.16,-0.46,0.78,-0.08,0.24,0.04,0.65,0.48,0.53,-0.35
-0.53,0.56,1.25,-1.02,0.07,0.85,1.18,2.23,1.42,1.4,1.64,1.69,1.64,1.61,0.43,2.83,2.17
1.65,1.18,1.29,0.56,0.0,-1.09,-0.24,-1.33,-0.23,-0.52,-0.51,-0.85,-0.11,0.37,-0.07,0.05,-0.36
-0.2,0.06,-0.8,-2.65,-0.03,0.0,-1.36,-1.89,0.7,-1.07,0.33,-1.2,-0.61,-0.74,-0.39,-2.24,-1.27
-1.44,-0.05,-0.56,2.83,0.42,-1.33,-1.42,-0.04,0.0,-0.31,1.06,0.03,-0.48,-1.03,0.32,0.44,0.26
-0.1,-0.58,0.37,4.27,2.32,-0.53,-1.55,-0.6,0.08,-0.26,-0.07,-0.96,-0.31,-0.17,-0.1,1.63,-0.5
-1.52,-1.05,-2.67,-2.37,-3.08,-0.84,-0.13,-0.86,-1.77,-2.17,-1.11,-0.91,-2.08,-3.08,-1.24,-0.35,-0.5
-0.5,-0.24,0.37,0.41,-0.38,0.55,1.34,-1.69,0.45,-0.73,-0.49,-0.56,-0.28,-2.32,0.11,-2.62,-2.41
-0.91,-2.83,-3.72,0.16,-1.01,-1.01,-0.21,1.78,-1.46,1.03,-0.21,1.24,-0.81,0.67,0.59,1.23,1.63
-0.0,0.02,-0.4,-0.38,-1.11,-1.01,-1.65,-0.7,0.0,-0.94,-0.47,-0.62,-0.78,0.0,-0.92,1.95,-1.19
0.69,1.11,-0.16,-2.51,0.38,2.15,1.04,1.91,0.12,1.2,1.08,1.04,0.96,0.08,1.25,-2.24,-0.99
0.56,1.34,1.45,1.2,-0.91,-0.52,-0.74,-0.22,0.0,-0.42,1.08,-0.17,-0.28,0.44,0.14,3.69,1.77
1.15,0.43,2.16,1.42,1.6,1.63,2.29,0.27,1.02,1.42,1.9,0.99,1.49,2.4,1.31,0.62,0.97
1.22,0.18,-1.06,0.38,1.75,-0.03,0.28,0.71,1.53,0.18,-0.05,0.69,1.63,0.0,-0.19,1.14,1.06
-0.14,0.14,2.56,3.06,4.21,1.68,0.79,1.07,0.0,0.44,-0.28,0.43,0.53,0.94,-0.29,0.0,-0.43
-0.65,-0.53,-1.55,-0.42,-2.08,-0.17,0.0,-0.56,0.09,-0.21,0.18,0.2,-0.39,-0.41,0.14,1.33,0.76
0.51,0.98,1.14,-0.25,0.72,0.12,1.44,-0.07,0.68,-0.09,-0.18,-0.24,-0.29,-0.62,-0.89,-1.04,0.68
0.65,0.37,-0.28,-0.65,0.1,0.7,1.37,1.42,1.77,0.83,0.65,1.99,1.82,1.44,1.09,-1.08,2.13
0.62,0.53,1.82,-0.21,0.31,0.0,-0.27,-0.57,0.4,-0.45,0.49,0.1,-0.27,0.63,0.33,-2.39,0.04
0.12,-0.11,-1.05,-1.39,-2.39,-0.22,-1.44,-0.88,0.0,0.02,-0.23,-0.46,0.11,-0.79,-0.49,0.02,-0.77
0.16,0.33,0.09,1.31,0.12,-0.98,-0.4,-1.05,-0.57,-1.77,-0.99,-0.64,-0.92,-1.15,-0.74,-0.14,-2.32
-1.22,-1.8,-2.06,1.07,0.62,0.95,-0.79,0.9,0.24,1.3,0.35,0.76,0.71,-0.6,0.01,-0.71,-0.4
-0.5,-1.74,0.16,-0.75,-0.54,-0.01,0.15,-0.78,-0.71,-0.52,-0.93,-0.42,-0.28,0.3,-0.28,1.25,-0.81
0.0,0.06,-0.2,1.36,1.75,0.34,0.12,-0.9,-0.1,-0.52,-0.68,-0.36,-0.36,-0.53,0.06,0.0,0.83
-0.02,-0.09,-0.57,0.56,0.31,0.56,-0.37,-0.14,0.0,-0.11,0.42,-0.18,0.1,-0.03,-0.34,2.96,0.49
-0.47,-0.64,0.65,0.95,0.72,0.9,0.05,-0.29,-0.3,-0.85,-1.06,-0.56,-0.75,-1.75,-0.19,-0.69,-1.56
-1.2,-0.38,-1.09,-2.28,-2.02,-0.84,-1.36,-1.87,-1.57,-1.58,-0.49,-1.55,-2.08,-1.62,-0.76,0.0,-2.21
-0.74,-0.51,-0.35,0.31,0.51,-0.77,0.7,1.41,0.57,1.61,0.82,1.06,1.19,1.53,1.47,-0.72,-0.0
-0.07,0.44,0.0,-2.53,-0.35,0.0,-1.12,0.6,0.0,0.49,0.74,0.12,0.42,-0.76,-0.11,-1.43,-0.73
-0.57,-0.78,0.76,-0.01,1.73,1.07,-1.47,2.77,1.51,1.45,0.97,1.96,0.98,0.44,1.2,-0.79,1.46
0.21,1.0,0.64,-0.01,-0.17,0.45,1.31,-0.43,0.23,-0.4,-0.37,-0.06,0.26,-0.54,-0.27,2.74,0.44
0.76,-0.06,1.02,1.09,1.33,0.57,1.81,-0.18,0.69,-0.09,-0.04,0.19,-0.3,0.69,-0.18,1.55,2.5
1.17,0.58,0.39,-1.31,-0.87,1.27,0.73,0.23,-0.44,-0.01,1.36,-0.04,0.52,0.96,0.49,0.51,-0.11
0.27,-1.58,0.4,0.88,0.21,0.07,-0.25,0.15,0.0,-0.36,0.25,-0.24,-0.12,0.26,-0.83,-0.23,0.79
0.69,1.84,1.0,2.66,2.55,0.13,2.04,2.26,0.01,1.85,0.76,1.13,1.11,1.18,1.18,0.35,1.13
-0.16,-1.01,-2.39,0.43,0.29,-0.29,0.09,-1.37,-1.34,-1.14,-0.24,-1.28,-1.24,-1.71,-0.56,-1.33,-3.1
-0.36,-0.19,-1.91,-1.81,-2.47,-1.59,-1.36,-3.54,-2.51,-3.48,-3.13,-2.75,-3.42,-3.28,-3.15,-0.22,-0.32
0.07,0.42,0.82,-0.01,-0.35,1.02,0.79,0.53,0.0,-0.21,0.94,0.58,0.6,0.63,1.1,-0.82,-2.24
-1.48,-2.27,-2.12,-0.97,-1.19,-2.0,-1.42,-1.77,-0.74,-1.54,-2.17,-1.76,-1.72,-3.2,-0.83,-2.5,0.14
0.3,0.42,-0.34,0.42,0.07,0.54,-0.11,0.98,0.68,1.49,1.92,0.87,1.46,1.2,1.27,0.59,-0.22
1.06,1.39,2.15,0.24,1.61,1.79,-1.0,1.91,0.25,1.38,1.68,1.35,1.99,1.82,1.08,0.65,0.64
0.65,0.14,0.99,1.3,1.29,0.42,0.34,0.54,0.08,-0.04,-0.52,0.82,-0.0,-0.68,-0.04,0.99,0.29
-1.17,-1.05,-2.02,-1.73,-1.62,0.09,-0.54,-0.72,0.0,-0.54,-1.15,-0.45,-0.5,0.12,-0.47,-0.44,-2.02
0.53,1.0,0.62,0.01,-0.03,0.85,-0.28,-1.15,-0.26,-0.86,-1.27,-0.83,-1.57,-1.69,-1.05,-1.2,-2.11
-0.7,-1.22,-1.82,-0.88,-1.05,0.21,-0.37,-0.26,-0.68,-0.29,-0.86,-1.27,-0.44,0.9,-1.06,0.24,0.35
0.85,-0.16,-0.6,-1.16,0.2,0.38,0.35,1.59,0.55,0.24,0.14,0.78,0.31,-2.12,0.96,-1.08,-1.49
0.14,-1.34,-2.84,-0.66,-0.94,-0.14,-0.24,-1.93,-2.07,-1.44,-1.47,-1.97,-2.39,-2.73,-0.8,-0.47,-1.99
-0.66,-0.69,-1.11,-0.99,0.51,-1.89,-0.24,-0.97,0.0,0.21,0.03,-0.46,-0.2,-1.31,0.14,0.5,-1.81
0.48,0.48,0.0,0.34,-0.4,-0.76,-1.06,0.0,-2.06,0.0,0.0,-0.89,-0.95,0.0,-0.52,0.0,-2.91
0.03,0.0,0.89,-0.41,0.0,0.51,0.79,0.0,-0.06,0.0,0.0,0.0,0.0,0.0,0.0,-0.65,4.98
0.83,1.88,3.88,-0.53,-0.67,0.44,0.82,-1.81,0.0,-2.37,-2.63,-1.38,-1.4,-1.21,-1.52,0.38,1.14
0.06,1.02,-0.31,0.59,0.1,0.75,1.32,1.44,0.0,1.71,2.85,1.55,1.39,2.41,2.27,2.84,-0.33
0.2,-0.14,0.0,0.0,1.34,-0.02,0.0,0.0,-0.03,0.0,0.0,0.54,1.08,0.0,-0.09,0.0,1.15
-0.04,-1.57,0.0,-1.16,-2.77,-1.0,0.0,0.04,-0.99,0.2,0.0,0.12,-0.63,0.91,0.09,3.56,0.08
-0.67,1.36,0.0,0.07,-0.26,-1.05,0.26,-0.61,-0.85,-1.55,0.44,-0.31,-0.05,0.02,-0.62,0.61,-2.83
0.1,-0.25,-2.26,2.25,2.24,0.51,1.3,3.37,0.0,3.37,1.68,2.52,2.97,3.14,2.16,0.3,3.29
0.73,1.14,2.44,0.77,0.82,0.43,0.0,0.65,0.45,-0.18,-0.84,0.44,0.72,1.21,-0.39,-0.15,0.42
0.37,0.69,0.82,-0.29,0.15,0.36,-0.7,0.25,0.54,0.52,1.1,0.81,1.26,0.06,0.74,0.36,1.09
1.42,0.98,1.1,0.75,2.27,0.64,1.02,0.94,0.28,0.83,0.67,-0.27,0.63,1.23,0.66,1.72,0.39
-0.42,0.29,-1.29,-0.18,0.22,-0.29,0.83,0.63,-0.34,0.26,1.31,0.38,0.26,-0.29,0.52,0.21,0.51
0.32,-0.36,0.97,0.78,0.55,-0.27,0.42,-0.06,0.0,-0.31,0.3,0.23,-0.04,-0.63,-0.36,-0.16,-0.02
0.07,-0.02,0.0,-0.68,-1.38,-0.43,-0.18,-0.61,-0.45,-0.29,-0.77,-0.66,-0.5,-0.87,-0.91,0.87,-0.36
-0.05,0.71,0.96,1.55,2.02,1.3,-0.02,-0.03,0.69,0.33,0.74,0.36,0.81,0.5,0.58,-0.44,0.65
0.87,0.35,-0.55,-0.0,0.27,0.01,-0.2,1.63,0.95,0.36,0.56,0.71,0.73,1.24,-0.47,0.36,0.59
0.52,0.26,-0.2,-0.47,-0.54,0.15,0.54,-0.04,0.1,-0.12,0.45,-0.05,-0.5,-0.41,-0.4,1.01,0.67
0.1,0.5,1.29,1.54,1.25,0.03,1.06,1.22,0.0,2.63,1.23,1.8,1.57,2.42,1.95,0.78,1.38
-0.42,-0.54,-0.47,-1.24,-0.7,-0.37,0.02,-1.03,-0.33,-0.41,-0.5,-0.18,-0.46,-0.46,-0.99,-0.94,-1.22
-0.11,-0.26,-0.14,-0.01,0.01,-0.92,0.92,-0.19,0.61,-0.17,-0.1,1.01,0.24,-0.4,-0.85,1.53,0.7
-0.03,0.38,-0.09,0.56,0.42,0.24,-0.35,0.85,0.34,0.53,-0.22,0.23,0.03,0.14,-0.35,1.16,-0.09
0.03,0.68,0.97,0.47,1.65,-0.47,0.63,1.26,0.0,1.36,-0.17,0.38,1.12,1.97,-0.14,0.0,0.75
