Date,Price,Open,High,Low,Vol.,Change %
02-Jan-15,"6,547.80","6,566.09","6,607.89","6,510.60",378.93M,-0.28%
05-Jan-15,"6,417.16","6,547.80","6,576.74","6,404.49",750.52M,-2.00%
06-Jan-15,"6,366.51","6,417.16","6,452.66","6,328.59",793.26M,-0.79%
07-Jan-15,"6,419.83","6,366.51","6,459.74","6,366.51",709.50M,0.84%
08-Jan-15,"6,569.96","6,419.83","6,580.82","6,419.83",910.04M,2.34%
09-Jan-15,"6,501.14","6,569.96","6,570.24","6,471.38",761.33M,-1.05%
12-Jan-15,"6,501.42","6,501.14","6,542.43","6,447.91",620.94M,0.00%
13-Jan-15,"6,542.20","6,501.42","6,558.83","6,465.19",694.41M,0.63%
14-Jan-15,"6,388.46","6,542.20","6,542.20","6,353.65",1.00B,-2.35%
15-Jan-15,"6,498.78","6,388.46","6,498.78","6,298.15",1.01B,1.73%
16-Jan-15,"6,550.27","6,498.78","6,553.20","6,443.28",830.66M,0.79%
19-Jan-15,"6,585.53","6,550.27","6,598.89","6,548.00",554.55M,0.54%
20-Jan-15,"6,620.10","6,585.53","6,640.44","6,585.53",697.94M,0.52%
21-Jan-15,"6,728.04","6,620.10","6,728.04","6,620.10",873.75M,1.63%
22-Jan-15,"6,796.63","6,728.04","6,808.18","6,726.24",954.66M,1.02%
23-Jan-15,"6,832.83","6,796.63","6,841.73","6,796.58",863.80M,0.53%
26-Jan-15,"6,852.40","6,832.83","6,855.92","6,790.13",630.84M,0.29%
27-Jan-15,"6,811.61","6,852.40","6,864.97","6,773.54",735.99M,-0.60%
28-Jan-15,"6,825.94","6,811.61","6,863.00","6,777.08",803.72M,0.21%
29-Jan-15,"6,810.60","6,825.94","6,825.94","6,750.22",726.31M,-0.22%
30-Jan-15,"6,749.40","6,810.60","6,843.98","6,749.40",823.48M,-0.90%
02-Feb-15,"6,782.55","6,749.40","6,795.52","6,731.99",780.98M,0.49%
03-Feb-15,"6,871.80","6,782.55","6,886.31","6,782.39",882.17M,1.32%
04-Feb-15,"6,860.02","6,871.80","6,883.49","6,804.10",835.23M,-0.17%
05-Feb-15,"6,865.93","6,860.02","6,870.10","6,808.19",753.81M,0.09%
06-Feb-15,"6,853.44","6,865.93","6,886.22","6,835.48",668.59M,-0.18%
09-Feb-15,"6,837.15","6,853.44","6,853.44","6,777.99",639.89M,-0.24%
10-Feb-15,"6,829.12","6,837.15","6,843.90","6,788.89",795.91M,-0.12%
11-Feb-15,"6,818.17","6,829.12","6,838.33","6,786.12",641.79M,-0.16%
12-Feb-15,"6,828.11","6,818.17","6,854.62","6,817.23",834.91M,0.15%
13-Feb-15,"6,873.52","6,828.11","6,887.57","6,828.11",757.58M,0.67%
16-Feb-15,"6,857.05","6,873.52","6,878.66","6,851.77",428.64M,-0.24%
17-Feb-15,"6,898.13","6,857.05","6,898.13","6,819.78",631.89M,0.60%
18-Feb-15,"6,898.08","6,898.13","6,921.32","6,876.30",698.36M,-0.00%
19-Feb-15,"6,888.90","6,898.08","6,907.30","6,858.67",661.61M,-0.13%
20-Feb-15,"6,915.20","6,888.90","6,920.51","6,884.77",787.66M,0.38%
23-Feb-15,"6,912.16","6,915.20","6,943.61","6,885.89",700.28M,-0.04%
24-Feb-15,"6,949.63","6,912.16","6,958.89","6,899.59",857.36M,0.54%
25-Feb-15,"6,935.38","6,949.63","6,955.41","6,904.88",718.03M,-0.21%
26-Feb-15,"6,949.73","6,935.38","6,949.98","6,920.54",806.28M,0.21%
27-Feb-15,"6,946.66","6,949.73","6,967.24","6,929.84",908.71M,-0.04%
02-Mar-15,"6,940.64","6,946.66","6,974.26","6,924.33",802.78M,-0.09%
03-Mar-15,"6,889.13","6,940.64","6,963.55","6,889.13",808.29M,-0.74%
04-Mar-15,"6,919.24","6,889.13","6,919.24","6,862.87",764.09M,0.44%
05-Mar-15,"6,961.14","6,919.24","6,968.64","6,914.06",823.10M,0.61%
06-Mar-15,"6,911.80","6,961.14","6,961.23","6,911.80",771.79M,-0.71%
09-Mar-15,"6,876.47","6,911.80","6,911.80","6,859.81",691.32M,-0.51%
10-Mar-15,"6,702.84","6,876.47","6,876.86","6,702.84",914.71M,-2.52%
11-Mar-15,"6,721.51","6,702.84","6,738.95","6,693.80",769.93M,0.28%
12-Mar-15,"6,761.07","6,721.51","6,799.84","6,721.51",872.09M,0.59%
13-Mar-15,"6,740.58","6,761.07","6,777.77","6,713.50",732.04M,-0.30%
16-Mar-15,"6,804.08","6,740.58","6,809.08","6,740.58",706.94M,0.94%
17-Mar-15,"6,837.61","6,804.08","6,846.90","6,798.47",780.79M,0.49%
18-Mar-15,"6,945.20","6,837.61","6,945.20","6,837.26",796.53M,1.57%
19-Mar-15,"6,962.32","6,945.20","6,982.79","6,929.73",834.20M,0.25%
20-Mar-15,"7,022.51","6,962.32","7,024.21","6,960.81",1.46B,0.86%
23-Mar-15,"7,037.67","7,022.51","7,037.67","6,991.43",694.42M,0.22%
24-Mar-15,"7,019.68","7,037.67","7,065.08","7,012.51",722.19M,-0.26%
25-Mar-15,"6,990.97","7,019.68","7,035.11","6,983.94",665.75M,-0.41%
26-Mar-15,"6,895.33","6,990.97","6,990.97","6,876.84",965.48M,-1.37%
27-Mar-15,"6,855.02","6,895.33","6,910.55","6,839.88",759.28M,-0.58%
30-Mar-15,"6,891.43","6,855.02","6,914.60","6,855.02",659.07M,0.53%
31-Mar-15,"6,773.04","6,891.43","6,910.07","6,765.05",928.18M,-1.72%
01-Apr-15,"6,809.50","6,773.04","6,856.43","6,765.40",809.44M,0.54%
02-Apr-15,"6,833.46","6,809.50","6,849.91","6,801.27",593.71M,0.35%
07-Apr-15,"6,961.77","6,833.46","6,967.69","6,833.46",725.88M,1.88%
08-Apr-15,"6,937.41","6,961.77","7,012.06","6,931.59",892.29M,-0.35%
09-Apr-15,"7,015.36","6,937.41","7,016.99","6,937.41",720.21M,1.12%
10-Apr-15,"7,089.77","7,015.36","7,095.36","7,015.36",826.73M,1.06%
13-Apr-15,"7,064.30","7,089.77","7,089.84","7,046.68",610.97M,-0.36%
14-Apr-15,"7,075.26","7,064.30","7,086.06","7,044.60",690.65M,0.16%
15-Apr-15,"7,096.78","7,075.26","7,111.72","7,058.34",744.94M,0.30%
16-Apr-15,"7,060.45","7,096.78","7,119.35","7,057.74",773.86M,-0.51%
17-Apr-15,"6,994.63","7,060.45","7,093.52","6,979.32",800.54M,-0.93%
20-Apr-15,"7,052.13","6,994.63","7,067.84","6,994.63",601.95M,0.82%
21-Apr-15,"7,062.93","7,052.13","7,105.13","7,030.00",676.07M,0.15%
22-Apr-15,"7,028.24","7,062.93","7,092.34","6,997.15",809.07M,-0.49%
23-Apr-15,"7,053.67","7,028.24","7,055.15","6,995.79",736.40M,0.36%
24-Apr-15,"7,070.70","7,053.67","7,102.59","7,051.17",821.32M,0.24%
27-Apr-15,"7,103.98","7,070.70","7,122.74","7,025.27",700.79M,0.47%
28-Apr-15,"7,030.53","7,103.98","7,103.99","6,983.97",821.00M,-1.03%
29-Apr-15,"6,946.28","7,030.53","7,058.19","6,945.56",791.05M,-1.20%
30-Apr-15,"6,960.63","6,946.28","6,970.34","6,906.24",934.30M,0.21%
01-May-15,"6,985.95","6,960.63","6,995.41","6,919.39",863.40M,0.36%
05-May-15,"6,927.58","6,985.95","7,053.18","6,927.58",1.05B,-0.84%
06-May-15,"6,933.74","6,927.58","6,974.82","6,913.46",910.98M,0.09%
07-May-15,"6,886.95","6,933.74","6,933.74","6,810.05",973.56M,-0.67%
08-May-15,"7,046.82","6,886.95","7,046.82","6,885.79",1.43B,2.32%
11-May-15,"7,029.85","7,046.82","7,083.72","7,025.17",816.71M,-0.24%
12-May-15,"6,933.80","7,029.85","7,029.85","6,887.52",865.97M,-1.37%
13-May-15,"6,949.63","6,933.80","6,989.91","6,920.65",820.35M,0.23%
14-May-15,"6,973.04","6,949.63","6,977.93","6,884.63",622.17M,0.34%
15-May-15,"6,960.49","6,973.04","7,009.41","6,937.12",723.61M,-0.18%
18-May-15,"6,968.87","6,960.49","7,015.49","6,931.64",633.21M,0.12%
19-May-15,"6,995.10","6,968.87","7,011.35","6,968.87",801.43M,0.38%
20-May-15,"7,007.26","6,995.10","7,018.70","6,962.06",850.67M,0.17%
21-May-15,"7,013.47","7,007.26","7,026.01","6,994.26",582.84M,0.09%
22-May-15,"7,031.72","7,013.47","7,061.66","7,013.47",641.04M,0.26%
26-May-15,"6,948.99","7,031.72","7,039.55","6,930.28",692.15M,-1.18%
27-May-15,"7,033.33","6,948.99","7,054.14","6,948.62",668.80M,1.21%
28-May-15,"7,040.92","7,033.33","7,049.62","7,005.88",625.45M,0.11%
29-May-15,"6,984.43","7,040.92","7,069.93","6,967.92",1.21B,-0.80%
01-Jun-15,"6,953.58","6,984.43","7,037.58","6,942.66",715.73M,-0.44%
02-Jun-15,"6,928.27","6,953.58","6,972.25","6,872.12",891.35M,-0.36%
03-Jun-15,"6,950.46","6,928.27","6,985.69","6,901.79",722.28M,0.32%
04-Jun-15,"6,859.24","6,950.46","6,950.46","6,838.95",807.84M,-1.31%
05-Jun-15,"6,804.60","6,859.24","6,859.24","6,785.15",777.84M,-0.80%
08-Jun-15,"6,790.04","6,804.60","6,827.16","6,781.66",555.75M,-0.21%
09-Jun-15,"6,753.80","6,790.04","6,803.75","6,736.88",702.83M,-0.53%
10-Jun-15,"6,830.27","6,753.80","6,843.57","6,734.15",843.90M,1.13%
11-Jun-15,"6,846.74","6,830.27","6,870.19","6,807.29",699.56M,0.24%
12-Jun-15,"6,784.92","6,846.74","6,846.74","6,760.06",610.75M,-0.90%
15-Jun-15,"6,710.52","6,784.92","6,784.92","6,708.50",574.23M,-1.10%
16-Jun-15,"6,710.10","6,710.52","6,723.49","6,656.90",740.51M,-0.01%
17-Jun-15,"6,680.55","6,710.10","6,731.54","6,665.95",706.47M,-0.44%
18-Jun-15,"6,707.88","6,680.55","6,707.88","6,625.16",797.21M,0.41%
19-Jun-15,"6,710.45","6,707.88","6,759.29","6,691.82",1.27B,0.04%
22-Jun-15,"6,825.67","6,710.45","6,825.67","6,710.45",772.66M,1.72%
23-Jun-15,"6,834.87","6,825.67","6,856.49","6,825.67",598.08M,0.13%
24-Jun-15,"6,844.80","6,834.87","6,873.43","6,834.32",688.93M,0.15%
25-Jun-15,"6,807.82","6,844.80","6,869.04","6,798.80",675.60M,-0.54%
26-Jun-15,"6,753.70","6,807.82","6,807.82","6,731.13",613.76M,-0.79%
29-Jun-15,"6,620.48","6,753.70","6,753.70","6,598.64",786.02M,-1.97%
30-Jun-15,"6,520.98","6,620.48","6,620.75","6,520.98",909.53M,-1.50%
01-Jul-15,"6,608.59","6,520.98","6,637.34","6,520.98",814.01M,1.34%
02-Jul-15,"6,630.47","6,608.59","6,647.70","6,600.37",608.68M,0.33%
03-Jul-15,"6,585.78","6,630.47","6,630.75","6,572.46",462.88M,-0.67%
06-Jul-15,"6,535.68","6,585.78","6,585.78","6,506.71",629.53M,-0.76%
07-Jul-15,"6,432.21","6,535.68","6,543.80","6,432.21",789.93M,-1.58%
08-Jul-15,"6,490.70","6,432.21","6,515.06","6,430.36",941.35M,0.91%
09-Jul-15,"6,581.63","6,490.70","6,594.18","6,490.70",788.63M,1.40%
10-Jul-15,"6,673.38","6,581.63","6,687.57","6,581.63",720.75M,1.39%
13-Jul-15,"6,737.95","6,673.38","6,743.05","6,673.38",661.87M,0.97%
14-Jul-15,"6,753.75","6,737.95","6,753.75","6,710.62",595.32M,0.23%
15-Jul-15,"6,753.75","6,753.75","6,775.91","6,728.49",566.43M,0.00%
16-Jul-15,"6,796.45","6,753.75","6,805.14","6,752.09",605.23M,0.63%
17-Jul-15,"6,775.08","6,796.45","6,799.78","6,764.80",602.28M,-0.31%
20-Jul-15,"6,788.69","6,775.08","6,813.41","6,772.09",431.75M,0.20%
21-Jul-15,"6,769.07","6,788.69","6,800.13","6,758.75",573.51M,-0.29%
22-Jul-15,"6,667.34","6,769.07","6,769.07","6,653.39",714.92M,-1.50%
23-Jul-15,"6,655.01","6,667.34","6,711.49","6,644.85",651.24M,-0.18%
24-Jul-15,"6,579.81","6,655.01","6,684.81","6,573.96",664.74M,-1.13%
27-Jul-15,"6,505.13","6,579.81","6,589.48","6,495.67",686.74M,-1.13%
28-Jul-15,"6,555.28","6,505.13","6,569.45","6,505.13",730.87M,0.77%
29-Jul-15,"6,631.00","6,555.28","6,634.04","6,555.28",845.40M,1.16%
30-Jul-15,"6,668.87","6,631.00","6,697.40","6,631.00",802.15M,0.57%
31-Jul-15,"6,696.28","6,668.87","6,705.42","6,646.26",958.42M,0.41%
03-Aug-15,"6,688.62","6,696.28","6,710.79","6,668.18",700.91M,-0.11%
04-Aug-15,"6,686.57","6,688.62","6,715.51","6,644.65",1.44B,-0.03%
05-Aug-15,"6,752.41","6,686.57","6,764.82","6,686.57",873.48M,0.98%
06-Aug-15,"6,747.09","6,752.41","6,763.34","6,717.49",713.00M,-0.08%
07-Aug-15,"6,718.49","6,747.09","6,754.77","6,718.49",614.01M,-0.42%
10-Aug-15,"6,736.22","6,718.49","6,751.49","6,653.65",789.15M,0.26%
11-Aug-15,"6,664.54","6,736.22","6,736.22","6,663.98",727.57M,-1.06%
12-Aug-15,"6,571.19","6,664.54","6,664.54","6,536.41",1.12B,-1.40%
13-Aug-15,"6,568.33","6,571.19","6,634.71","6,553.45",689.59M,-0.04%
14-Aug-15,"6,550.74","6,568.33","6,603.17","6,544.42",595.48M,-0.27%
17-Aug-15,"6,550.30","6,550.74","6,585.88","6,507.76",485.85M,-0.01%
18-Aug-15,"6,526.29","6,550.30","6,564.55","6,505.69",555.00M,-0.37%
19-Aug-15,"6,403.45","6,526.29","6,526.52","6,403.45",721.08M,-1.88%
20-Aug-15,"6,367.89","6,403.45","6,408.61","6,359.71",750.76M,-0.56%
21-Aug-15,"6,187.65","6,367.89","6,367.89","6,187.65",832.21M,-2.83%
24-Aug-15,"5,898.87","6,187.65","6,187.65","5,768.22",1.71B,-4.67%
25-Aug-15,"6,081.34","5,898.87","6,115.74","5,898.87",1.38B,3.09%
26-Aug-15,"5,979.20","6,081.34","6,095.05","5,949.94",1.02B,-1.68%
27-Aug-15,"6,192.03","5,979.20","6,212.48","5,979.20",1.06B,3.56%
28-Aug-15,"6,247.94","6,192.03","6,247.94","6,152.01",895.70M,0.90%
01-Sep-15,"6,058.54","6,247.94","6,247.94","6,028.71",1.03B,-3.03%
02-Sep-15,"6,083.31","6,058.54","6,161.68","6,021.36",791.46M,0.41%
03-Sep-15,"6,194.10","6,083.31","6,215.74","6,083.31",758.47M,1.82%
04-Sep-15,"6,042.92","6,194.10","6,194.10","6,040.49",766.16M,-2.44%
07-Sep-15,"6,074.52","6,042.92","6,125.67","6,042.92",479.13M,0.52%
08-Sep-15,"6,146.10","6,074.52","6,196.47","6,074.52",685.13M,1.18%
09-Sep-15,"6,229.01","6,146.10","6,284.17","6,146.10",756.98M,1.35%
10-Sep-15,"6,155.81","6,229.01","6,229.01","6,127.52",772.72M,-1.18%
11-Sep-15,"6,117.76","6,155.81","6,174.28","6,113.10",584.62M,-0.62%
14-Sep-15,"6,084.59","6,117.76","6,191.82","6,065.43",617.18M,-0.54%
15-Sep-15,"6,137.60","6,084.59","6,158.08","6,019.92",728.37M,0.87%
16-Sep-15,"6,229.21","6,137.60","6,244.94","6,137.60",844.32M,1.49%
17-Sep-15,"6,186.99","6,229.21","6,239.86","6,182.63",861.35M,-0.68%
18-Sep-15,"6,104.11","6,186.99","6,188.74","6,053.87",1.55B,-1.34%
21-Sep-15,"6,108.71","6,104.11","6,168.74","6,083.64",719.11M,0.08%
22-Sep-15,"5,935.84","6,108.71","6,111.57","5,935.84",970.78M,-2.83%
23-Sep-15,"6,032.24","5,935.84","6,067.56","5,933.23",748.15M,1.62%
24-Sep-15,"5,961.49","6,032.24","6,055.64","5,947.19",894.32M,-1.17%
25-Sep-15,"6,109.01","5,961.49","6,120.67","5,961.49",863.42M,2.47%
28-Sep-15,"5,958.86","6,109.01","6,110.31","5,958.86",997.74M,-2.46%
29-Sep-15,"5,909.24","5,958.86","5,958.86","5,877.08",1.03B,-0.83%
30-Sep-15,"6,061.61","5,909.24","6,061.61","5,909.24",1.05B,2.58%
01-Oct-15,"6,072.47","6,061.61","6,172.78","6,053.26",873.58M,0.18%
02-Oct-15,"6,129.98","6,072.47","6,176.20","6,051.62",888.46M,0.95%
05-Oct-15,"6,298.92","6,129.98","6,301.05","6,129.98",890.10M,2.76%
06-Oct-15,"6,326.16","6,298.92","6,343.71","6,255.10",737.90M,0.43%
07-Oct-15,"6,336.35","6,326.16","6,396.34","6,319.77",1.02B,0.16%
08-Oct-15,"6,374.82","6,336.35","6,380.30","6,303.46",742.31M,0.61%
09-Oct-15,"6,416.16","6,374.82","6,453.22","6,374.82",768.20M,0.65%
12-Oct-15,"6,371.18","6,416.16","6,416.16","6,351.34",552.28M,-0.70%
13-Oct-15,"6,342.28","6,371.18","6,371.18","6,303.02",722.57M,-0.45%
14-Oct-15,"6,269.61","6,342.28","6,342.28","6,268.29",638.45M,-1.15%
15-Oct-15,"6,338.67","6,269.61","6,351.43","6,269.61",644.98M,1.10%
16-Oct-15,"6,378.04","6,338.67","6,398.23","6,338.67",610.63M,0.62%
19-Oct-15,"6,352.33","6,378.04","6,408.09","6,336.27",476.84M,-0.40%
20-Oct-15,"6,345.13","6,352.33","6,367.75","6,319.25",592.20M,-0.11%
21-Oct-15,"6,348.42","6,345.13","6,387.29","6,316.30",615.20M,0.05%
22-Oct-15,"6,376.28","6,348.42","6,387.28","6,321.65",740.62M,0.44%
23-Oct-15,"6,444.08","6,376.28","6,487.89","6,376.28",749.54M,1.06%
26-Oct-15,"6,417.02","6,444.08","6,453.00","6,405.38",454.68M,-0.42%
27-Oct-15,"6,365.27","6,417.02","6,419.62","6,365.27",564.36M,-0.81%
28-Oct-15,"6,437.80","6,365.27","6,448.46","6,355.78",819.72M,1.14%
29-Oct-15,"6,395.80","6,437.80","6,437.85","6,358.16",852.19M,-0.65%
30-Oct-15,"6,361.09","6,395.80","6,410.28","6,337.65",738.50M,-0.54%
02-Nov-15,"6,361.80","6,361.09","6,364.42","6,317.29",522.27M,0.01%
03-Nov-15,"6,383.61","6,361.80","6,383.61","6,344.70",627.80M,0.34%
04-Nov-15,"6,412.88","6,383.61","6,459.46","6,383.04",782.76M,0.46%
05-Nov-15,"6,364.90","6,412.88","6,421.81","6,358.12",722.04M,-0.75%
06-Nov-15,"6,353.83","6,364.90","6,395.19","6,332.73",733.58M,-0.17%
09-Nov-15,"6,295.16","6,353.83","6,380.42","6,292.05",678.63M,-0.92%
10-Nov-15,"6,275.28","6,295.16","6,329.69","6,250.31",748.09M,-0.32%
11-Nov-15,"6,297.20","6,275.28","6,327.16","6,272.69",636.99M,0.35%
12-Nov-15,"6,178.68","6,297.20","6,300.90","6,178.68",852.48M,-1.88%
13-Nov-15,"6,118.28","6,178.68","6,178.95","6,088.76",702.65M,-0.98%
16-Nov-15,"6,146.38","6,118.28","6,161.90","6,079.79",621.59M,0.46%
17-Nov-15,"6,268.76","6,146.38","6,269.44","6,146.38",719.06M,1.99%
18-Nov-15,"6,278.97","6,268.76","6,283.90","6,228.15",634.12M,0.16%
19-Nov-15,"6,329.93","6,278.97","6,366.85","6,278.97",772.70M,0.81%
20-Nov-15,"6,334.63","6,329.93","6,360.73","6,311.76",832.32M,0.07%
23-Nov-15,"6,305.49","6,334.63","6,334.63","6,267.05",603.42M,-0.46%
24-Nov-15,"6,277.23","6,305.49","6,305.49","6,221.33",880.47M,-0.45%
25-Nov-15,"6,337.64","6,277.23","6,348.05","6,277.23",694.08M,0.96%
26-Nov-15,"6,393.13","6,337.64","6,395.33","6,333.92",467.83M,0.88%
27-Nov-15,"6,375.15","6,393.13","6,393.13","6,345.30",486.35M,-0.28%
30-Nov-15,"6,356.09","6,375.15","6,387.11","6,329.92",855.38M,-0.30%
01-Dec-15,"6,395.65","6,356.09","6,402.36","6,356.09",809.01M,0.62%
02-Dec-15,"6,420.93","6,395.65","6,447.34","6,395.20",583.61M,0.40%
03-Dec-15,"6,275.00","6,420.93","6,444.72","6,275.00",817.89M,-2.27%
04-Dec-15,"6,238.29","6,275.00","6,277.59","6,219.50",683.05M,-0.59%
07-Dec-15,"6,223.52","6,238.29","6,287.23","6,215.17",559.03M,-0.24%
08-Dec-15,"6,135.22","6,223.52","6,224.86","6,120.68",814.51M,-1.42%
09-Dec-15,"6,126.68","6,135.22","6,175.75","6,101.22",775.11M,-0.14%
10-Dec-15,"6,088.05","6,126.68","6,127.09","6,079.96",864.01M,-0.63%
11-Dec-15,"5,952.78","6,088.05","6,088.05","5,949.84",830.91M,-2.22%
14-Dec-15,"5,874.06","5,952.78","6,009.92","5,871.88",805.17M,-1.32%
15-Dec-15,"6,017.79","5,874.06","6,036.68","5,874.06",836.32M,2.45%
16-Dec-15,"6,061.19","6,017.79","6,089.31","6,016.25",773.63M,0.72%
17-Dec-15,"6,102.54","6,061.19","6,160.78","6,061.19",747.55M,0.68%
18-Dec-15,"6,052.42","6,102.54","6,105.57","6,051.74",1.27B,-0.82%
21-Dec-15,"6,034.84","6,052.42","6,113.96","6,034.84",561.86M,-0.29%
22-Dec-15,"6,083.10","6,034.84","6,090.58","6,031.82",437.45M,0.80%
23-Dec-15,"6,240.98","6,083.10","6,248.50","6,083.10",596.53M,2.60%
24-Dec-15,"6,254.64","6,240.98","6,259.86","6,236.85",112.22M,0.22%
29-Dec-15,"6,314.57","6,254.64","6,314.57","6,245.24",462.31M,0.96%
30-Dec-15,"6,274.05","6,314.57","6,314.57","6,261.48",337.96M,-0.64%
31-Dec-15,"6,242.32","6,274.05","6,278.31","6,233.03",166.42M,-0.51%
04-Jan-16,"6,093.43","6,242.32","6,242.32","6,071.01",707.34M,-2.39%
05-Jan-16,"6,137.24","6,093.43","6,166.26","6,079.23",643.37M,0.72%
06-Jan-16,"6,073.38","6,137.24","6,137.24","6,018.65",721.61M,-1.04%
07-Jan-16,"5,954.08","6,073.38","6,073.38","5,887.97",1.09B,-1.96%
08-Jan-16,"5,912.44","5,954.08","6,013.38","5,912.44",835.01M,-0.70%
11-Jan-16,"5,871.83","5,912.44","5,941.93","5,871.83",841.79M,-0.69%
12-Jan-16,"5,929.24","5,871.83","5,985.80","5,866.67",831.69M,0.98%
13-Jan-16,"5,960.97","5,929.24","6,011.13","5,929.24",834.54M,0.54%
14-Jan-16,"5,918.23","5,960.97","5,960.97","5,829.26",1.10B,-0.72%
15-Jan-16,"5,804.10","5,918.23","5,934.62","5,769.23",1.12B,-1.93%
18-Jan-16,"5,779.92","5,804.10","5,852.09","5,766.50",741.11M,-0.42%
19-Jan-16,"5,876.80","5,779.92","5,915.69","5,779.92",833.71M,1.68%
20-Jan-16,"5,673.58","5,876.80","5,876.80","5,639.88",1.07B,-3.46%
21-Jan-16,"5,773.79","5,673.58","5,781.24","5,659.15",1.12B,1.77%
22-Jan-16,"5,900.01","5,773.79","5,926.94","5,773.79",906.98M,2.19%
25-Jan-16,"5,877.00","5,900.01","5,933.47","5,851.83",828.64M,-0.39%
26-Jan-16,"5,911.46","5,877.00","5,919.17","5,771.37",878.66M,0.59%
27-Jan-16,"5,990.37","5,911.46","5,990.37","5,870.75",902.09M,1.33%
28-Jan-16,"5,931.78","5,990.37","6,020.54","5,889.37",918.48M,-0.98%
29-Jan-16,"6,083.79","5,931.78","6,083.79","5,931.78",1.02B,2.56%
01-Feb-16,"6,060.10","6,083.79","6,115.11","5,993.84",833.65M,-0.39%
02-Feb-16,"5,922.01","6,060.10","6,060.45","5,889.60",1.02B,-2.28%
03-Feb-16,"5,837.14","5,922.01","5,924.58","5,791.04",1.03B,-1.43%
04-Feb-16,"5,898.76","5,837.14","5,938.12","5,831.12",1.05B,1.06%
05-Feb-16,"5,848.06","5,898.76","5,945.90","5,839.36",983.67M,-0.86%
08-Feb-16,"5,689.36","5,848.06","5,882.43","5,666.13",995.84M,-2.71%
09-Feb-16,"5,632.19","5,689.36","5,739.25","5,596.26",1.15B,-1.00%
10-Feb-16,"5,672.30","5,632.19","5,712.78","5,616.88",994.63M,0.71%
11-Feb-16,"5,536.97","5,672.30","5,672.30","5,499.51",1.07B,-2.39%
12-Feb-16,"5,707.60","5,536.97","5,707.60","5,536.97",1.08B,3.08%
15-Feb-16,"5,824.28","5,707.60","5,844.53","5,707.60",724.66M,2.04%
16-Feb-16,"5,862.17","5,824.28","5,880.72","5,812.49",771.10M,0.65%
17-Feb-16,"6,030.32","5,862.17","6,030.32","5,862.17",948.75M,2.87%
18-Feb-16,"5,971.95","6,030.32","6,036.46","5,948.25",809.87M,-0.97%
19-Feb-16,"5,950.23","5,971.95","6,001.22","5,916.26",692.90M,-0.36%
22-Feb-16,"6,037.73","5,950.23","6,065.81","5,950.23",822.11M,1.47%
23-Feb-16,"5,962.31","6,037.73","6,037.73","5,954.18",747.39M,-1.25%
24-Feb-16,"5,867.18","5,962.31","5,966.73","5,845.55",834.68M,-1.60%
25-Feb-16,"6,012.81","5,867.18","6,028.97","5,867.18",999.96M,2.48%
26-Feb-16,"6,096.01","6,012.81","6,115.37","6,012.81",858.94M,1.38%
29-Feb-16,"6,097.09","6,096.01","6,104.98","6,033.21",941.71M,0.02%
01-Mar-16,"6,152.88","6,097.09","6,153.75","6,070.51",933.63M,0.92%
02-Mar-16,"6,147.06","6,152.88","6,194.01","6,097.77",904.55M,-0.09%
03-Mar-16,"6,130.46","6,147.06","6,173.70","6,108.35",902.84M,-0.27%
04-Mar-16,"6,199.43","6,130.46","6,204.14","6,130.46",866.05M,1.13%
07-Mar-16,"6,182.40","6,199.43","6,216.10","6,125.64",817.96M,-0.27%
08-Mar-16,"6,125.44","6,182.40","6,182.45","6,101.89",913.52M,-0.92%
09-Mar-16,"6,146.32","6,125.44","6,174.82","6,118.23",758.33M,0.34%
10-Mar-16,"6,036.70","6,146.32","6,203.40","6,036.70",1.06B,-1.78%
11-Mar-16,"6,139.79","6,036.70","6,150.88","6,036.70",721.70M,1.71%
14-Mar-16,"6,174.57","6,139.79","6,197.83","6,139.79",688.59M,0.57%
15-Mar-16,"6,139.97","6,174.57","6,174.57","6,114.77",700.31M,-0.56%
16-Mar-16,"6,175.49","6,139.97","6,186.18","6,134.27",700.76M,0.58%
17-Mar-16,"6,201.12","6,175.49","6,220.02","6,125.70",832.61M,0.42%
18-Mar-16,"6,189.64","6,201.12","6,237.02","6,186.24",1.13B,-0.19%
21-Mar-16,"6,184.58","6,189.64","6,215.30","6,154.12",532.07M,-0.08%
22-Mar-16,"6,192.74","6,184.58","6,193.47","6,110.39",738.98M,0.13%
23-Mar-16,"6,199.11","6,192.74","6,216.76","6,171.13",621.50M,0.10%
24-Mar-16,"6,106.48","6,199.11","6,199.11","6,090.03",625.28M,-1.49%
29-Mar-16,"6,105.90","6,106.48","6,156.67","6,070.77",596.33M,-0.01%
30-Mar-16,"6,203.17","6,105.90","6,221.80","6,105.90",803.81M,1.59%
31-Mar-16,"6,174.90","6,203.17","6,203.39","6,149.82",746.40M,-0.46%
01-Apr-16,"6,146.05","6,174.90","6,174.90","6,076.89",747.48M,-0.47%
04-Apr-16,"6,164.72","6,146.05","6,201.95","6,132.90",546.68M,0.30%
05-Apr-16,"6,091.23","6,164.72","6,164.74","6,061.85",826.02M,-1.19%
06-Apr-16,"6,161.63","6,091.23","6,161.63","6,091.23",738.66M,1.16%
07-Apr-16,"6,136.89","6,161.63","6,204.11","6,119.38",761.73M,-0.40%
08-Apr-16,"6,204.41","6,136.89","6,216.28","6,136.89",622.13M,1.10%
11-Apr-16,"6,200.12","6,204.41","6,229.66","6,165.46",552.59M,-0.07%
12-Apr-16,"6,242.39","6,200.12","6,248.27","6,176.28",690.14M,0.68%
13-Apr-16,"6,362.89","6,242.39","6,362.89","6,242.39",957.14M,1.93%
14-Apr-16,"6,365.10","6,362.89","6,373.93","6,335.40",853.11M,0.03%
15-Apr-16,"6,343.75","6,365.10","6,372.52","6,328.19",780.84M,-0.34%
18-Apr-16,"6,353.52","6,343.75","6,354.88","6,261.71",613.39M,0.15%
19-Apr-16,"6,405.35","6,353.52","6,418.25","6,353.49",808.48M,0.82%
20-Apr-16,"6,410.26","6,405.35","6,421.91","6,367.36",814.75M,0.08%
21-Apr-16,"6,381.44","6,410.26","6,427.32","6,352.93",831.61M,-0.45%
22-Apr-16,"6,310.44","6,381.44","6,381.58","6,289.34",675.93M,-1.11%
25-Apr-16,"6,260.92","6,310.44","6,324.60","6,249.34",688.68M,-0.78%
26-Apr-16,"6,284.52","6,260.92","6,297.88","6,260.92",776.83M,0.38%
27-Apr-16,"6,319.91","6,284.52","6,319.91","6,255.20",822.36M,0.56%
28-Apr-16,"6,322.40","6,319.91","6,322.40","6,224.47",861.76M,0.04%
29-Apr-16,"6,241.89","6,322.40","6,322.40","6,241.89",865.55M,-1.27%
03-May-16,"6,185.59","6,241.89","6,270.03","6,159.86",895.10M,-0.90%
04-May-16,"6,112.02","6,185.59","6,185.59","6,100.76",775.56M,-1.19%
05-May-16,"6,117.25","6,112.02","6,152.59","6,102.29",713.23M,0.09%
06-May-16,"6,125.70","6,117.25","6,129.90","6,054.74",720.35M,0.14%
09-May-16,"6,114.81","6,125.70","6,177.60","6,108.37",669.49M,-0.18%
10-May-16,"6,156.65","6,114.81","6,180.19","6,114.81",652.99M,0.68%
11-May-16,"6,162.49","6,156.65","6,172.72","6,131.22",573.06M,0.09%
12-May-16,"6,104.19","6,162.49","6,193.21","6,094.14",698.76M,-0.95%
13-May-16,"6,138.50","6,104.19","6,138.50","6,060.10",646.36M,0.56%
16-May-16,"6,151.40","6,138.50","6,157.24","6,092.21",445.33M,0.21%
17-May-16,"6,167.77","6,151.40","6,215.88","6,147.16",758.81M,0.27%
18-May-16,"6,165.80","6,167.77","6,169.33","6,115.99",887.53M,-0.03%
19-May-16,"6,053.35","6,165.80","6,165.80","6,050.21",936.49M,-1.82%
20-May-16,"6,156.32","6,053.35","6,156.50","6,053.35",780.58M,1.70%
23-May-16,"6,136.43","6,156.32","6,173.06","6,122.57",653.01M,-0.32%
24-May-16,"6,219.26","6,136.43","6,231.85","6,109.58",833.81M,1.35%
25-May-16,"6,262.85","6,219.26","6,270.25","6,219.26",870.44M,0.70%
26-May-16,"6,265.65","6,262.85","6,281.73","6,243.49",665.57M,0.04%
27-May-16,"6,270.79","6,265.65","6,275.90","6,250.27",577.10M,0.08%
31-May-16,"6,230.79","6,270.79","6,290.07","6,230.11",1.33B,-0.64%
01-Jun-16,"6,191.93","6,230.79","6,233.18","6,151.90",887.24M,-0.62%
02-Jun-16,"6,185.61","6,191.93","6,220.27","6,173.05",892.21M,-0.10%
03-Jun-16,"6,209.63","6,185.61","6,251.74","6,168.19",660.72M,0.39%
06-Jun-16,"6,273.40","6,209.63","6,301.56","6,209.63",732.58M,1.03%
07-Jun-16,"6,284.53","6,273.40","6,322.60","6,273.40",690.00M,0.18%
08-Jun-16,"6,301.52","6,284.53","6,304.51","6,263.80",663.11M,0.27%
09-Jun-16,"6,231.89","6,301.52","6,301.73","6,229.07",668.49M,-1.10%
10-Jun-16,"6,115.76","6,231.89","6,231.89","6,097.24",748.34M,-1.86%
13-Jun-16,"6,044.97","6,115.76","6,115.76","6,044.97",852.84M,-1.16%
14-Jun-16,"5,923.53","6,044.97","6,044.97","5,921.72",983.53M,-2.01%
15-Jun-16,"5,966.80","5,923.53","6,007.49","5,923.39",868.08M,0.73%
16-Jun-16,"5,950.48","5,966.80","5,966.80","5,899.97",815.96M,-0.27%
17-Jun-16,"6,021.09","5,950.48","6,046.10","5,950.48",1.31B,1.19%
20-Jun-16,"6,204.00","6,021.09","6,236.53","6,021.09",1.01B,3.04%
21-Jun-16,"6,226.55","6,204.00","6,250.19","6,156.23",842.01M,0.36%
22-Jun-16,"6,261.19","6,226.55","6,315.62","6,222.01",884.65M,0.56%
23-Jun-16,"6,338.10","6,261.19","6,380.58","6,261.19",915.16M,1.23%
24-Jun-16,"6,138.69","6,338.10","6,338.55","5,788.74",3.88B,-3.15%
27-Jun-16,"5,982.20","6,138.69","6,138.69","5,958.66",2.51B,-2.55%
28-Jun-16,"6,140.39","5,982.20","6,170.26","5,982.20",1.59B,2.64%
29-Jun-16,"6,360.06","6,140.39","6,360.06","6,140.39",1.50B,3.58%
30-Jun-16,"6,504.33","6,360.06","6,504.33","6,309.98",1.56B,2.27%
01-Jul-16,"6,577.83","6,504.33","6,587.44","6,498.56",1.10B,1.13%
04-Jul-16,"6,522.26","6,577.83","6,612.13","6,514.81",748.24M,-0.84%
05-Jul-16,"6,545.37","6,522.26","6,561.58","6,472.25",1.18B,0.35%
06-Jul-16,"6,463.59","6,545.37","6,580.32","6,432.47",1.61B,-1.25%
07-Jul-16,"6,533.79","6,463.59","6,579.25","6,463.59",1.05B,1.09%
08-Jul-16,"6,590.64","6,533.79","6,605.83","6,515.24",937.84M,0.87%
11-Jul-16,"6,682.86","6,590.64","6,695.07","6,590.64",968.34M,1.40%
12-Jul-16,"6,680.69","6,682.86","6,703.09","6,663.66",1.17B,-0.03%
13-Jul-16,"6,670.40","6,680.69","6,717.17","6,654.64",1.06B,-0.15%
14-Jul-16,"6,654.47","6,670.40","6,743.42","6,648.40",924.14M,-0.24%
15-Jul-16,"6,669.24","6,654.47","6,669.24","6,616.51",839.25M,0.22%
18-Jul-16,"6,695.42","6,669.24","6,715.58","6,653.67",878.07M,0.39%
19-Jul-16,"6,697.37","6,695.42","6,711.69","6,660.87",634.74M,0.03%
20-Jul-16,"6,728.99","6,697.37","6,736.57","6,694.36",767.73M,0.47%
21-Jul-16,"6,699.89","6,728.99","6,732.07","6,694.52",809.67M,-0.43%
22-Jul-16,"6,730.48","6,699.89","6,735.94","6,663.72",716.11M,0.46%
25-Jul-16,"6,710.13","6,730.48","6,756.13","6,691.03",682.06M,-0.30%
26-Jul-16,"6,724.03","6,710.13","6,744.80","6,708.58",737.76M,0.21%
27-Jul-16,"6,750.43","6,724.03","6,780.05","6,723.71",786.51M,0.39%
28-Jul-16,"6,721.06","6,750.43","6,762.72","6,718.90",1.20B,-0.44%
29-Jul-16,"6,724.43","6,721.06","6,740.47","6,691.13",921.70M,0.05%
01-Aug-16,"6,693.95","6,724.43","6,769.41","6,678.45",727.71M,-0.45%
02-Aug-16,"6,645.40","6,693.95","6,694.14","6,630.76",822.03M,-0.73%
03-Aug-16,"6,634.40","6,645.40","6,673.63","6,621.42",797.08M,-0.17%
04-Aug-16,"6,740.16","6,634.40","6,749.67","6,615.83",1.00B,1.59%
05-Aug-16,"6,793.47","6,740.16","6,802.41","6,738.57",880.80M,0.79%
08-Aug-16,"6,809.13","6,793.47","6,829.47","6,781.47",754.48M,0.23%
09-Aug-16,"6,851.30","6,809.13","6,863.10","6,807.76",869.31M,0.62%
10-Aug-16,"6,866.42","6,851.30","6,866.42","6,820.04",736.64M,0.22%
11-Aug-16,"6,914.71","6,866.42","6,914.71","6,812.73",758.10M,0.70%
12-Aug-16,"6,916.02","6,914.71","6,931.04","6,896.04",686.79M,0.02%
15-Aug-16,"6,941.19","6,916.02","6,955.34","6,907.17",551.50M,0.36%
16-Aug-16,"6,893.92","6,941.19","6,941.19","6,893.92",643.22M,-0.68%
17-Aug-16,"6,859.15","6,893.92","6,920.76","6,849.90",716.29M,-0.50%
18-Aug-16,"6,868.96","6,859.15","6,893.35","6,850.61",579.27M,0.14%
19-Aug-16,"6,858.95","6,868.96","6,871.48","6,840.94",702.48M,-0.15%
22-Aug-16,"6,828.54","6,858.95","6,884.61","6,812.07",616.67M,-0.44%
23-Aug-16,"6,868.51","6,828.54","6,885.39","6,828.54",722.22M,0.59%
24-Aug-16,"6,835.78","6,868.51","6,868.51","6,825.22",748.05M,-0.48%
25-Aug-16,"6,816.90","6,835.78","6,836.22","6,779.15",657.67M,-0.28%
26-Aug-16,"6,838.05","6,816.90","6,857.29","6,798.82",532.51M,0.31%
30-Aug-16,"6,820.79","6,838.05","6,851.83","6,808.07",741.10M,-0.25%
31-Aug-16,"6,781.51","6,820.79","6,832.89","6,779.54",942.42M,-0.58%
01-Sep-16,"6,745.97","6,781.51","6,826.22","6,723.21",991.76M,-0.52%
02-Sep-16,"6,894.60","6,745.97","6,928.25","6,745.97",1.18B,2.20%
05-Sep-16,"6,879.42","6,894.60","6,910.66","6,867.08",556.66M,-0.22%
06-Sep-16,"6,826.05","6,879.42","6,887.92","6,818.96",687.09M,-0.78%
07-Sep-16,"6,846.58","6,826.05","6,856.12","6,814.87",938.66M,0.30%
08-Sep-16,"6,858.70","6,846.58","6,889.64","6,819.82",807.43M,0.18%
09-Sep-16,"6,776.95","6,858.70","6,862.38","6,762.30",792.45M,-1.19%
12-Sep-16,"6,700.90","6,776.95","6,776.95","6,654.48",887.97M,-1.12%
13-Sep-16,"6,665.63","6,700.90","6,724.74","6,665.63",864.67M,-0.53%
14-Sep-16,"6,673.31","6,665.63","6,720.29","6,665.63",695.11M,0.12%
15-Sep-16,"6,730.30","6,673.31","6,736.84","6,654.82",770.12M,0.85%
16-Sep-16,"6,710.28","6,730.30","6,746.29","6,692.73",1.39B,-0.30%
19-Sep-16,"6,813.55","6,710.28","6,813.95","6,710.28",706.09M,1.54%
20-Sep-16,"6,830.79","6,813.55","6,869.10","6,798.02",715.57M,0.25%
21-Sep-16,"6,834.77","6,830.79","6,879.81","6,830.47",722.08M,0.06%
22-Sep-16,"6,911.40","6,834.77","6,937.33","6,834.77",756.01M,1.12%
23-Sep-16,"6,909.43","6,911.40","6,920.23","6,882.62",760.91M,-0.03%
26-Sep-16,"6,818.04","6,909.43","6,909.63","6,806.47",795.94M,-1.32%
27-Sep-16,"6,807.67","6,818.04","6,865.45","6,768.86",847.95M,-0.15%
28-Sep-16,"6,849.38","6,807.67","6,878.21","6,807.67",758.30M,0.61%
29-Sep-16,"6,919.42","6,849.38","6,941.09","6,849.38",859.07M,1.02%
30-Sep-16,"6,899.33","6,919.42","6,919.42","6,809.51",1.18B,-0.29%
03-Oct-16,"6,983.52","6,899.33","6,996.43","6,898.09",745.41M,1.22%
04-Oct-16,"7,074.34","6,983.52","7,121.93","6,983.52",1.45B,1.30%
05-Oct-16,"7,033.25","7,074.34","7,076.71","7,024.13",970.16M,-0.58%
06-Oct-16,"6,999.96","7,033.25","7,049.34","6,999.96",821.63M,-0.47%
07-Oct-16,"7,044.39","6,999.96","7,079.25","6,999.96",1.40B,0.63%
10-Oct-16,"7,097.50","7,044.39","7,104.49","7,024.08",874.92M,0.75%
11-Oct-16,"7,070.88","7,097.50","7,129.83","7,061.36",983.13M,-0.38%
12-Oct-16,"7,024.01","7,070.88","7,079.42","7,015.76",937.94M,-0.66%
13-Oct-16,"6,977.74","7,024.01","7,024.01","6,930.04",1.04B,-0.66%
14-Oct-16,"7,013.55","6,977.74","7,055.18","6,977.74",872.17M,0.51%
17-Oct-16,"6,947.55","7,013.55","7,013.55","6,937.43",727.72M,-0.94%
18-Oct-16,"7,000.06","6,947.55","7,033.02","6,946.39",795.84M,0.76%
19-Oct-16,"7,021.92","7,000.06","7,031.20","6,975.92",823.09M,0.31%
20-Oct-16,"7,026.90","7,021.92","7,047.55","6,998.84",843.64M,0.07%
21-Oct-16,"7,020.47","7,026.90","7,058.39","7,011.09",757.85M,-0.09%
24-Oct-16,"6,986.40","7,020.47","7,067.34","6,983.40",677.60M,-0.49%
25-Oct-16,"7,017.64","6,986.40","7,067.23","6,985.92",861.00M,0.45%
26-Oct-16,"6,958.09","7,017.64","7,017.64","6,917.77",939.84M,-0.85%
27-Oct-16,"6,986.57","6,958.09","7,003.93","6,924.05",961.78M,0.41%
28-Oct-16,"6,996.26","6,986.57","7,006.43","6,927.21",956.62M,0.14%
31-Oct-16,"6,954.22","6,996.26","6,996.26","6,945.29",810.76M,-0.60%
01-Nov-16,"6,917.14","6,954.22","6,993.79","6,903.61",780.87M,-0.53%
02-Nov-16,"6,845.42","6,917.14","6,917.14","6,845.42",773.90M,-1.04%
03-Nov-16,"6,790.51","6,845.42","6,873.21","6,790.51",1.08B,-0.80%
04-Nov-16,"6,693.26","6,790.51","6,790.52","6,676.56",875.84M,-1.43%
07-Nov-16,"6,806.90","6,693.26","6,806.90","6,693.26",862.19M,1.70%
08-Nov-16,"6,843.13","6,806.90","6,849.31","6,795.06",832.26M,0.53%
09-Nov-16,"6,911.84","6,843.13","6,911.84","6,696.33",1.36B,1.00%
10-Nov-16,"6,827.98","6,911.84","6,997.25","6,799.05",1.74B,-1.21%
11-Nov-16,"6,730.43","6,827.98","6,849.04","6,709.72",1.11B,-1.43%
14-Nov-16,"6,753.18","6,730.43","6,814.19","6,730.43",1.05B,0.34%
15-Nov-16,"6,792.74","6,753.18","6,820.52","6,753.18",1.16B,0.59%
16-Nov-16,"6,749.72","6,792.74","6,810.53","6,735.69",877.28M,-0.63%
17-Nov-16,"6,794.71","6,749.72","6,798.75","6,745.08",826.25M,0.67%
18-Nov-16,"6,775.77","6,794.71","6,811.62","6,740.34",866.73M,-0.28%
21-Nov-16,"6,777.96","6,775.77","6,820.90","6,754.16",781.74M,0.03%
22-Nov-16,"6,819.72","6,777.96","6,851.37","6,777.96",896.75M,0.62%
23-Nov-16,"6,817.71","6,819.72","6,880.74","6,779.45",796.85M,-0.03%
24-Nov-16,"6,829.20","6,817.71","6,831.23","6,790.69",491.42M,0.17%
25-Nov-16,"6,840.75","6,829.20","6,852.14","6,818.12",477.58M,0.17%
28-Nov-16,"6,799.47","6,840.75","6,840.96","6,769.77",709.67M,-0.60%
29-Nov-16,"6,772.00","6,799.47","6,800.91","6,729.36",772.23M,-0.40%
30-Nov-16,"6,783.79","6,772.00","6,845.74","6,765.23",1.33B,0.17%
01-Dec-16,"6,752.93","6,783.79","6,789.30","6,688.41",966.72M,-0.45%
02-Dec-16,"6,730.72","6,752.93","6,752.93","6,678.74",708.45M,-0.33%
05-Dec-16,"6,746.83","6,730.72","6,799.50","6,697.65",814.97M,0.24%
06-Dec-16,"6,779.84","6,746.83","6,785.32","6,723.05",871.54M,0.49%
07-Dec-16,"6,902.23","6,779.84","6,902.23","6,779.84",1.16B,1.81%
08-Dec-16,"6,931.55","6,902.23","6,937.51","6,892.17",1.05B,0.42%
09-Dec-16,"6,954.21","6,931.55","6,962.25","6,929.46",827.89M,0.33%
12-Dec-16,"6,890.42","6,954.21","6,976.78","6,875.43",946.23M,-0.92%
13-Dec-16,"6,968.57","6,890.42","6,977.99","6,877.52",930.15M,1.13%
14-Dec-16,"6,949.19","6,968.57","6,970.52","6,941.95",1.00B,-0.28%
15-Dec-16,"6,999.01","6,949.19","7,010.48","6,925.88",1.10B,0.72%
16-Dec-16,"7,011.64","6,999.01","7,038.43","6,990.35",1.15B,0.18%
19-Dec-16,"7,017.16","7,011.64","7,025.74","6,986.44",645.42M,0.08%
20-Dec-16,"7,043.96","7,017.16","7,045.22","6,992.62",744.31M,0.38%
21-Dec-16,"7,041.42","7,043.96","7,056.98","7,025.68",618.99M,-0.04%
22-Dec-16,"7,063.68","7,041.42","7,063.68","7,020.13",483.16M,0.32%
23-Dec-16,"7,068.17","7,063.68","7,071.11","7,054.64",191.92M,0.06%
28-Dec-16,"7,106.08","7,068.17","7,109.37","7,060.85",470.76M,0.54%
29-Dec-16,"7,120.26","7,106.08","7,120.26","7,074.47",395.48M,0.20%
30-Dec-16,"7,142.83","7,120.26","7,142.83","7,087.54",326.49M,0.32%
03-Jan-17,"7,177.89","7,142.83","7,205.45","7,142.83",820.16M,0.49%
04-Jan-17,"7,189.74","7,177.89","7,189.74","7,168.77",765.00M,0.17%
05-Jan-17,"7,195.31","7,189.74","7,211.96","7,172.77",792.50M,0.08%
06-Jan-17,"7,210.05","7,195.31","7,210.05","7,180.64",715.80M,0.20%
09-Jan-17,"7,237.77","7,210.05","7,243.76","7,207.40",725.81M,0.38%
10-Jan-17,"7,275.47","7,237.77","7,284.81","7,237.29",961.63M,0.52%
11-Jan-17,"7,290.49","7,275.47","7,328.51","7,257.15",905.71M,0.21%
12-Jan-17,"7,292.37","7,290.49","7,302.34","7,263.42",857.07M,0.03%
13-Jan-17,"7,337.81","7,292.37","7,338.49","7,292.37",836.37M,0.62%
16-Jan-17,"7,327.13","7,337.81","7,354.14","7,320.47",633.74M,-0.15%
17-Jan-17,"7,220.38","7,327.13","7,329.27","7,220.38",879.28M,-1.46%
18-Jan-17,"7,247.61","7,220.38","7,260.47","7,218.41",820.14M,0.38%
19-Jan-17,"7,208.44","7,247.61","7,249.63","7,191.67",771.56M,-0.54%
20-Jan-17,"7,198.44","7,208.44","7,221.01","7,193.73",819.06M,-0.14%
23-Jan-17,"7,151.18","7,198.44","7,198.44","7,131.46",736.25M,-0.66%
24-Jan-17,"7,150.34","7,151.18","7,190.15","7,144.44",1.10B,-0.01%
25-Jan-17,"7,164.43","7,150.34","7,205.68","7,150.34",1.02B,0.20%
26-Jan-17,"7,161.49","7,164.43","7,184.75","7,151.34",933.67M,-0.04%
27-Jan-17,"7,184.49","7,161.49","7,184.73","7,150.76",903.60M,0.32%
30-Jan-17,"7,118.48","7,184.49","7,184.70","7,105.67",915.51M,-0.92%
31-Jan-17,"7,099.15","7,118.48","7,162.53","7,099.15",983.51M,-0.27%
01-Feb-17,"7,107.65","7,099.15","7,170.24","7,099.15",809.59M,0.12%
02-Feb-17,"7,140.75","7,107.65","7,163.94","7,093.57",907.25M,0.47%
03-Feb-17,"7,188.30","7,140.75","7,202.37","7,133.63",810.15M,0.67%
06-Feb-17,"7,172.15","7,188.30","7,208.73","7,165.17",633.43M,-0.22%
07-Feb-17,"7,186.22","7,172.15","7,227.22","7,159.57",793.59M,0.20%
08-Feb-17,"7,188.82","7,186.22","7,195.94","7,147.18",963.91M,0.04%
09-Feb-17,"7,229.50","7,188.82","7,238.74","7,183.14",805.92M,0.57%
10-Feb-17,"7,258.75","7,229.50","7,274.80","7,229.45",902.73M,0.40%
13-Feb-17,"7,278.92","7,258.75","7,298.47","7,257.67",665.38M,0.28%
14-Feb-17,"7,268.56","7,278.92","7,292.65","7,251.81",779.70M,-0.14%
15-Feb-17,"7,302.41","7,268.56","7,313.44","7,268.56",738.32M,0.47%
16-Feb-17,"7,277.92","7,302.41","7,302.41","7,260.74",705.21M,-0.34%
17-Feb-17,"7,299.96","7,277.92","7,307.14","7,253.16",826.58M,0.30%
20-Feb-17,"7,299.86","7,299.96","7,329.56","7,283.29",655.61M,-0.00%
21-Feb-17,"7,274.83","7,299.86","7,318.98","7,267.49",924.70M,-0.34%
22-Feb-17,"7,302.25","7,274.83","7,314.26","7,274.71",1.18B,0.38%
23-Feb-17,"7,271.37","7,302.25","7,310.05","7,262.94",1.10B,-0.42%
24-Feb-17,"7,243.70","7,271.37","7,271.86","7,192.45",881.80M,-0.38%
27-Feb-17,"7,253.00","7,243.70","7,285.19","7,239.66",856.82M,0.13%
28-Feb-17,"7,263.44","7,253.00","7,284.20","7,246.60",1.01B,0.14%
01-Mar-17,"7,382.90","7,263.44","7,383.05","7,263.44",1.07B,1.64%
02-Mar-17,"7,382.35","7,382.90","7,394.61","7,372.68",955.78M,-0.01%
03-Mar-17,"7,374.26","7,382.35","7,382.36","7,353.64",876.91M,-0.11%
06-Mar-17,"7,350.12","7,374.26","7,374.26","7,338.94",758.39M,-0.33%
07-Mar-17,"7,338.99","7,350.12","7,363.74","7,335.27",870.64M,-0.15%
08-Mar-17,"7,334.61","7,338.99","7,354.47","7,315.86",893.03M,-0.06%
09-Mar-17,"7,314.96","7,334.61","7,336.26","7,263.62",1.08B,-0.27%
10-Mar-17,"7,343.08","7,314.96","7,373.00","7,314.96",948.17M,0.38%
13-Mar-17,"7,367.08","7,343.08","7,377.41","7,342.02",708.55M,0.33%
14-Mar-17,"7,357.85","7,367.08","7,386.17","7,339.27",868.57M,-0.13%
15-Mar-17,"7,368.64","7,357.85","7,383.33","7,357.58",845.71M,0.15%
16-Mar-17,"7,415.95","7,368.64","7,444.62","7,368.64",1.12B,0.64%
17-Mar-17,"7,424.96","7,415.95","7,447.00","7,402.64",1.56B,0.12%
20-Mar-17,"7,429.81","7,424.96","7,433.68","7,399.97",629.94M,0.07%
21-Mar-17,"7,378.34","7,429.81","7,440.85","7,360.67",873.16M,-0.69%
22-Mar-17,"7,324.72","7,378.34","7,378.40","7,301.83",932.57M,-0.73%
23-Mar-17,"7,340.71","7,324.72","7,346.40","7,307.65",807.60M,0.22%
24-Mar-17,"7,336.82","7,340.71","7,351.60","7,322.86",652.71M,-0.05%
27-Mar-17,"7,293.50","7,336.82","7,336.82","7,255.78",802.85M,-0.59%
28-Mar-17,"7,343.42","7,293.50","7,349.59","7,285.80",815.61M,0.68%
29-Mar-17,"7,373.72","7,343.42","7,373.72","7,313.90",803.45M,0.41%
30-Mar-17,"7,369.52","7,373.72","7,384.80","7,340.25",784.50M,-0.06%
31-Mar-17,"7,322.92","7,369.52","7,369.55","7,322.92",986.61M,-0.63%
03-Apr-17,"7,282.69","7,322.92","7,350.30","7,280.76",769.00M,-0.55%
04-Apr-17,"7,321.82","7,282.69","7,324.60","7,282.69",810.27M,0.54%
05-Apr-17,"7,331.68","7,321.82","7,362.59","7,321.82",772.84M,0.13%
06-Apr-17,"7,303.20","7,331.68","7,331.68","7,258.11",912.35M,-0.39%
07-Apr-17,"7,349.37","7,303.20","7,349.37","7,284.73",804.73M,0.63%
10-Apr-17,"7,348.94","7,349.37","7,359.25","7,337.01",689.47M,-0.01%
11-Apr-17,"7,365.50","7,348.94","7,406.35","7,332.59",820.61M,0.23%
12-Apr-17,"7,348.99","7,365.50","7,402.42","7,348.84",915.89M,-0.22%
13-Apr-17,"7,327.59","7,348.99","7,348.99","7,298.85",738.07M,-0.29%
18-Apr-17,"7,147.50","7,327.59","7,327.59","7,147.50",1.07B,-2.46%
19-Apr-17,"7,114.36","7,147.50","7,151.18","7,114.36",1.05B,-0.46%
20-Apr-17,"7,118.54","7,114.36","7,127.58","7,096.83",856.40M,0.06%
21-Apr-17,"7,114.55","7,118.54","7,134.53","7,104.22",924.44M,-0.06%
24-Apr-17,"7,264.68","7,114.55","7,273.90","7,114.55",1.06B,2.11%
25-Apr-17,"7,275.64","7,264.68","7,290.82","7,258.74",861.21M,0.15%
26-Apr-17,"7,288.72","7,275.64","7,302.57","7,262.32",887.07M,0.18%
27-Apr-17,"7,237.17","7,288.72","7,289.38","7,224.35",1.13B,-0.71%
28-Apr-17,"7,203.94","7,237.17","7,243.31","7,197.28",1.18B,-0.46%
02-May-17,"7,250.05","7,203.94","7,254.32","7,203.94",939.01M,0.64%
03-May-17,"7,234.53","7,250.05","7,250.05","7,218.56",790.04M,-0.21%
04-May-17,"7,248.10","7,234.53","7,280.70","7,226.07",947.13M,0.19%
05-May-17,"7,297.43","7,248.10","7,297.43","7,222.81",908.53M,0.68%
08-May-17,"7,300.86","7,297.43","7,322.32","7,285.76",738.84M,0.05%
09-May-17,"7,342.21","7,300.86","7,359.61","7,300.86",729.08M,0.57%
10-May-17,"7,385.24","7,342.21","7,398.58","7,331.30",848.26M,0.59%
11-May-17,"7,386.63","7,385.24","7,396.19","7,369.23",985.41M,0.02%
12-May-17,"7,435.39","7,386.63","7,435.39","7,381.74",879.09M,0.66%
15-May-17,"7,454.37","7,435.39","7,460.20","7,434.24",857.70M,0.26%
16-May-17,"7,522.03","7,454.37","7,533.70","7,452.44",1.04B,0.91%
17-May-17,"7,503.47","7,522.03","7,532.95","7,478.88",1.02B,-0.25%
18-May-17,"7,436.42","7,503.47","7,503.68","7,389.26",1.01B,-0.89%
19-May-17,"7,470.71","7,436.42","7,480.28","7,436.42",845.28M,0.46%
22-May-17,"7,496.34","7,470.71","7,518.12","7,470.71",691.51M,0.34%
23-May-17,"7,485.29","7,496.34","7,521.94","7,485.29",699.94M,-0.15%
24-May-17,"7,514.90","7,485.29","7,519.58","7,475.11",848.44M,0.40%
25-May-17,"7,517.71","7,514.90","7,529.74","7,497.07",638.44M,0.04%
26-May-17,"7,547.63","7,517.71","7,554.21","7,514.39",797.46M,0.40%
30-May-17,"7,526.51","7,547.63","7,547.65","7,497.07",760.55M,-0.28%
31-May-17,"7,519.95","7,526.51","7,586.45","7,519.68",1.89B,-0.09%
01-Jun-17,"7,543.77","7,519.95","7,558.63","7,518.32",884.73M,0.32%
02-Jun-17,"7,547.63","7,543.77","7,598.99","7,539.96",823.79M,0.05%
05-Jun-17,"7,525.76","7,547.63","7,562.00","7,519.06",624.06M,-0.29%
06-Jun-17,"7,524.95","7,525.76","7,527.64","7,502.83",867.65M,-0.01%
07-Jun-17,"7,478.62","7,524.95","7,555.62","7,476.33",901.56M,-0.62%
08-Jun-17,"7,449.98","7,478.62","7,489.66","7,449.98",893.77M,-0.38%
09-Jun-17,"7,527.33","7,449.98","7,545.12","7,449.73",1.11B,1.04%
12-Jun-17,"7,511.87","7,527.33","7,540.53","7,483.61",712.64M,-0.21%
13-Jun-17,"7,500.44","7,511.87","7,540.05","7,491.86",782.43M,-0.15%
14-Jun-17,"7,474.40","7,500.44","7,545.07","7,474.40",972.22M,-0.35%
15-Jun-17,"7,419.36","7,474.40","7,474.51","7,377.86",1.01B,-0.74%
16-Jun-17,"7,463.54","7,419.36","7,478.99","7,419.36",1.95B,0.60%
19-Jun-17,"7,523.81","7,463.54","7,537.84","7,463.54",568.21M,0.81%
20-Jun-17,"7,472.71","7,523.81","7,561.07","7,472.71",1.04B,-0.68%
21-Jun-17,"7,447.79","7,472.71","7,477.17","7,417.45",869.74M,-0.33%
22-Jun-17,"7,439.29","7,447.79","7,448.48","7,398.83",813.13M,-0.11%
23-Jun-17,"7,424.13","7,439.29","7,441.79","7,396.75",627.79M,-0.20%
26-Jun-17,"7,446.80","7,424.13","7,480.95","7,424.13",714.44M,0.31%
27-Jun-17,"7,434.36","7,446.80","7,451.68","7,411.36",725.03M,-0.17%
28-Jun-17,"7,387.80","7,434.36","7,445.31","7,381.36",859.43M,-0.63%
29-Jun-17,"7,350.32","7,387.80","7,451.95","7,341.75",959.17M,-0.51%
30-Jun-17,"7,312.72","7,350.32","7,377.38","7,302.71",1.01B,-0.51%
03-Jul-17,"7,377.09","7,312.72","7,386.11","7,312.26",726.60M,0.88%
04-Jul-17,"7,357.23","7,377.09","7,383.45","7,336.75",600.30M,-0.27%
05-Jul-17,"7,367.60","7,357.23","7,386.92","7,347.52",952.88M,0.14%
06-Jul-17,"7,337.28","7,367.60","7,373.85","7,303.46",791.24M,-0.41%
07-Jul-17,"7,350.92","7,337.28","7,359.48","7,314.69",690.33M,0.19%
10-Jul-17,"7,370.03","7,350.92","7,388.02","7,344.31",615.60M,0.26%
11-Jul-17,"7,329.76","7,370.03","7,386.88","7,304.77",683.49M,-0.55%
12-Jul-17,"7,416.93","7,329.76","7,439.08","7,329.76",821.52M,1.19%
13-Jul-17,"7,413.44","7,416.93","7,428.24","7,403.75",970.71M,-0.05%
14-Jul-17,"7,378.39","7,413.44","7,419.81","7,363.77",852.44M,-0.47%
17-Jul-17,"7,404.13","7,378.39","7,426.37","7,378.30",613.97M,0.35%
18-Jul-17,"7,390.22","7,404.13","7,418.53","7,357.77",634.51M,-0.19%
19-Jul-17,"7,430.91","7,390.22","7,442.84","7,379.33",660.42M,0.55%
20-Jul-17,"7,487.87","7,430.91","7,502.73","7,430.91",728.09M,0.77%
21-Jul-17,"7,452.91","7,487.87","7,515.12","7,433.89",722.77M,-0.47%
24-Jul-17,"7,377.73","7,452.91","7,453.22","7,357.50",1.11B,-1.01%
25-Jul-17,"7,434.82","7,377.73","7,453.74","7,377.73",798.83M,0.77%
26-Jul-17,"7,452.32","7,434.82","7,487.05","7,434.68",774.93M,0.24%
27-Jul-17,"7,443.01","7,452.32","7,461.85","7,410.85",1.01B,-0.12%
28-Jul-17,"7,368.37","7,443.01","7,443.01","7,339.44",822.65M,-1.00%
31-Jul-17,"7,372.00","7,368.37","7,425.52","7,367.86",927.04M,0.05%
01-Aug-17,"7,423.66","7,372.00","7,440.14","7,372.00",740.61M,0.70%
02-Aug-17,"7,411.43","7,423.66","7,434.71","7,388.91",731.35M,-0.16%
03-Aug-17,"7,474.77","7,411.43","7,484.53","7,384.22",819.30M,0.85%
04-Aug-17,"7,511.71","7,474.77","7,519.06","7,465.12",776.41M,0.49%
07-Aug-17,"7,531.94","7,511.71","7,533.74","7,511.71",632.19M,0.27%
08-Aug-17,"7,542.73","7,531.94","7,551.85","7,518.45",615.74M,0.14%
09-Aug-17,"7,498.06","7,542.73","7,542.73","7,475.83",803.93M,-0.59%
10-Aug-17,"7,389.94","7,498.06","7,498.06","7,376.66",735.23M,-1.44%
11-Aug-17,"7,309.96","7,389.94","7,389.96","7,296.49",767.62M,-1.08%
14-Aug-17,"7,353.89","7,309.96","7,377.66","7,309.96",553.29M,0.60%
15-Aug-17,"7,383.85","7,353.89","7,399.35","7,353.89",510.54M,0.41%
16-Aug-17,"7,433.03","7,383.85","7,444.98","7,383.85",586.26M,0.67%
17-Aug-17,"7,387.87","7,433.03","7,433.74","7,382.16",593.94M,-0.61%
18-Aug-17,"7,323.98","7,387.87","7,387.87","7,302.47",741.56M,-0.86%
21-Aug-17,"7,318.88","7,323.98","7,331.95","7,296.80",552.91M,-0.07%
22-Aug-17,"7,381.74","7,318.88","7,387.55","7,318.88",676.38M,0.86%
23-Aug-17,"7,382.65","7,381.74","7,394.52","7,360.33",611.96M,0.01%
24-Aug-17,"7,407.06","7,382.65","7,437.87","7,382.16",756.85M,0.33%
25-Aug-17,"7,401.46","7,407.06","7,439.53","7,401.46",513.07M,-0.08%
29-Aug-17,"7,337.43","7,401.46","7,401.62","7,289.20",757.21M,-0.87%
30-Aug-17,"7,365.26","7,337.43","7,381.33","7,337.43",686.61M,0.38%
31-Aug-17,"7,430.62","7,365.26","7,443.68","7,365.01",784.89M,0.89%
01-Sep-17,"7,438.50","7,430.62","7,460.52","7,430.06",552.91M,0.11%
04-Sep-17,"7,411.47","7,438.50","7,438.50","7,404.05",398.67M,-0.36%
05-Sep-17,"7,372.92","7,411.47","7,437.51","7,369.58",558.08M,-0.52%
06-Sep-17,"7,354.13","7,372.92","7,372.92","7,322.42",697.15M,-0.25%
07-Sep-17,"7,396.98","7,354.13","7,412.68","7,348.38",663.67M,0.58%
08-Sep-17,"7,377.60","7,396.98","7,396.98","7,358.42",619.11M,-0.26%
11-Sep-17,"7,413.59","7,377.60","7,434.07","7,377.60",633.81M,0.49%
12-Sep-17,"7,400.69","7,413.59","7,435.84","7,386.98",768.76M,-0.17%
13-Sep-17,"7,379.70","7,400.69","7,401.30","7,336.23",870.09M,-0.28%
14-Sep-17,"7,295.39","7,379.70","7,390.70","7,287.73",1.26B,-1.14%
15-Sep-17,"7,215.47","7,295.39","7,295.39","7,196.58",1.46B,-1.10%
18-Sep-17,"7,253.28","7,215.47","7,257.45","7,215.47",734.33M,0.52%
19-Sep-17,"7,275.25","7,253.28","7,285.67","7,243.59",797.45M,0.30%
20-Sep-17,"7,271.95","7,275.25","7,289.93","7,249.58",794.23M,-0.05%
21-Sep-17,"7,263.90","7,271.95","7,289.16","7,260.05",807.48M,-0.11%
22-Sep-17,"7,310.64","7,263.90","7,320.28","7,242.23",644.90M,0.64%
25-Sep-17,"7,301.29","7,310.64","7,312.45","7,272.49",601.76M,-0.13%
26-Sep-17,"7,285.74","7,301.29","7,311.82","7,273.32",707.67M,-0.21%
27-Sep-17,"7,313.51","7,285.74","7,327.50","7,285.74",857.13M,0.38%
28-Sep-17,"7,322.82","7,313.51","7,323.33","7,289.75",748.36M,0.13%
29-Sep-17,"7,372.76","7,322.82","7,382.67","7,321.64",750.78M,0.68%
02-Oct-17,"7,438.84","7,372.76","7,438.84","7,372.73",891.03M,0.90%
03-Oct-17,"7,468.11","7,438.84","7,469.82","7,426.67",718.75M,0.39%
04-Oct-17,"7,467.58","7,468.11","7,476.33","7,456.61",945.11M,-0.01%
05-Oct-17,"7,507.99","7,467.58","7,507.99","7,464.40",775.86M,0.54%
06-Oct-17,"7,522.87","7,507.99","7,527.72","7,507.99",694.72M,0.20%
09-Oct-17,"7,507.89","7,522.87","7,523.65","7,493.68",695.85M,-0.20%
10-Oct-17,"7,538.27","7,507.89","7,543.88","7,504.56",821.71M,0.40%
11-Oct-17,"7,533.81","7,538.27","7,550.17","7,519.60",1.25B,-0.06%
12-Oct-17,"7,556.24","7,533.81","7,565.11","7,526.33",722.80M,0.30%
13-Oct-17,"7,535.44","7,556.24","7,556.24","7,521.09",686.92M,-0.28%
16-Oct-17,"7,526.97","7,535.44","7,557.00","7,526.73",738.06M,-0.11%
17-Oct-17,"7,516.17","7,526.97","7,550.44","7,506.31",1.03B,-0.14%
18-Oct-17,"7,542.87","7,516.17","7,555.24","7,516.17",645.75M,0.36%
19-Oct-17,"7,523.04","7,542.87","7,542.87","7,485.42",828.89M,-0.26%
20-Oct-17,"7,523.23","7,523.04","7,560.04","7,517.07",752.95M,0.00%
23-Oct-17,"7,524.45","7,523.23","7,542.00","7,511.77",565.83M,0.02%
24-Oct-17,"7,526.54","7,524.45","7,535.22","7,508.50",676.61M,0.03%
25-Oct-17,"7,447.21","7,526.54","7,528.46","7,437.42",922.39M,-1.05%
26-Oct-17,"7,486.50","7,447.21","7,488.26","7,440.11",1.02B,0.53%
27-Oct-17,"7,505.03","7,486.50","7,520.76","7,485.24",870.03M,0.25%
30-Oct-17,"7,487.81","7,505.03","7,507.02","7,478.41",749.41M,-0.23%
31-Oct-17,"7,493.08","7,487.81","7,516.85","7,483.97",730.56M,0.07%
01-Nov-17,"7,487.96","7,493.08","7,532.36","7,487.96",1.21B,-0.07%
02-Nov-17,"7,555.32","7,487.96","7,562.26","7,478.88",1.03B,0.90%
03-Nov-17,"7,560.35","7,555.32","7,580.95","7,541.91",672.31M,0.07%
06-Nov-17,"7,562.28","7,560.35","7,572.90","7,544.20",632.91M,0.03%
07-Nov-17,"7,513.11","7,562.28","7,582.85","7,507.83",747.48M,-0.65%
08-Nov-17,"7,529.72","7,513.11","7,534.49","7,504.77",807.97M,0.22%
09-Nov-17,"7,484.10","7,529.72","7,532.20","7,476.89",860.71M,-0.61%
10-Nov-17,"7,432.99","7,484.10","7,500.29","7,421.73",694.70M,-0.68%
13-Nov-17,"7,415.18","7,432.99","7,469.30","7,402.95",759.79M,-0.24%
14-Nov-17,"7,414.42","7,415.18","7,436.57","7,396.92",1.18B,-0.01%
15-Nov-17,"7,372.61","7,414.42","7,415.09","7,357.06",919.47M,-0.56%
16-Nov-17,"7,386.94","7,372.61","7,393.28","7,368.14",926.68M,0.19%
17-Nov-17,"7,380.68","7,386.94","7,406.53","7,356.16",731.96M,-0.08%
20-Nov-17,"7,389.46","7,380.68","7,397.39","7,350.37",738.28M,0.12%
21-Nov-17,"7,411.34","7,389.46","7,422.18","7,367.86",753.29M,0.30%
22-Nov-17,"7,419.02","7,411.34","7,460.91","7,410.38",859.39M,0.10%
23-Nov-17,"7,417.24","7,419.02","7,422.73","7,373.31",577.46M,-0.02%
24-Nov-17,"7,409.64","7,417.24","7,425.19","7,389.54",561.89M,-0.10%
27-Nov-17,"7,383.90","7,409.64","7,438.39","7,383.90",656.44M,-0.35%
28-Nov-17,"7,460.65","7,383.90","7,469.61","7,373.95",946.12M,1.04%
29-Nov-17,"7,393.56","7,460.65","7,460.65","7,386.67",1.11B,-0.90%
30-Nov-17,"7,326.67","7,393.56","7,416.26","7,326.67",1.38B,-0.90%
01-Dec-17,"7,300.49","7,326.67","7,355.43","7,288.73",865.25M,-0.36%
04-Dec-17,"7,338.97","7,300.49","7,369.65","7,300.49",768.16M,0.53%
05-Dec-17,"7,327.50","7,338.97","7,373.90","7,326.57",903.63M,-0.16%
06-Dec-17,"7,348.03","7,327.50","7,369.71","7,289.36",692.98M,0.28%
07-Dec-17,"7,320.75","7,348.03","7,371.73","7,314.60",823.88M,-0.37%
08-Dec-17,"7,393.96","7,320.75","7,412.21","7,314.23",1.04B,1.00%
11-Dec-17,"7,453.48","7,393.96","7,458.40","7,393.58",933.60M,0.80%
12-Dec-17,"7,500.41","7,453.48","7,501.52","7,448.31",1.02B,0.63%
13-Dec-17,"7,496.51","7,500.41","7,510.77","7,492.58",1.03B,-0.05%
14-Dec-17,"7,448.12","7,496.51","7,496.70","7,448.12",924.06M,-0.65%
15-Dec-17,"7,490.57","7,448.12","7,490.57","7,433.78",1.22B,0.57%
18-Dec-17,"7,537.01","7,490.57","7,544.26","7,490.57",585.56M,0.62%
19-Dec-17,"7,544.09","7,537.01","7,563.49","7,534.08",695.72M,0.09%
20-Dec-17,"7,525.22","7,544.09","7,550.60","7,511.45",679.71M,-0.25%
21-Dec-17,"7,603.98","7,525.22","7,609.69","7,517.88",640.56M,1.05%
22-Dec-17,"7,592.66","7,603.98","7,614.40","7,585.47",251.37M,-0.15%
27-Dec-17,"7,620.68","7,592.66","7,632.71","7,586.42",472.51M,0.37%
28-Dec-17,"7,622.88","7,620.68","7,633.55","7,609.77",321.52M,0.03%
29-Dec-17,"7,687.77","7,622.88","7,697.62","7,620.01",298.18M,0.85%
02-Jan-18,"7,648.10","7,687.77","7,691.34","7,624.14",594.07M,-0.52%
03-Jan-18,"7,671.11","7,648.10","7,689.86","7,640.53",589.34M,0.30%
04-Jan-18,"7,695.88","7,671.11","7,702.51","7,671.11",727.69M,0.32%
05-Jan-18,"7,724.22","7,695.88","7,727.73","7,689.81",655.71M,0.37%
08-Jan-18,"7,696.51","7,724.22","7,733.39","7,691.77",654.44M,-0.36%
09-Jan-18,"7,731.02","7,696.51","7,733.12","7,696.50",728.23M,0.45%
10-Jan-18,"7,748.51","7,731.02","7,756.11","7,716.21",885.66M,0.23%
11-Jan-18,"7,762.94","7,748.51","7,768.96","7,734.64",1.01B,0.19%
12-Jan-18,"7,778.64","7,762.94","7,792.56","7,752.63",1.17B,0.20%
15-Jan-18,"7,769.14","7,778.64","7,783.61","7,763.43",568.97M,-0.12%
16-Jan-18,"7,755.93","7,769.14","7,791.83","7,740.55",849.62M,-0.17%
17-Jan-18,"7,725.43","7,755.93","7,755.93","7,711.11",847.95M,-0.39%
18-Jan-18,"7,700.96","7,725.43","7,739.54","7,683.71",789.20M,-0.32%
19-Jan-18,"7,730.79","7,700.96","7,731.82","7,694.66",820.00M,0.39%
22-Jan-18,"7,715.44","7,730.79","7,739.35","7,703.67",752.61M,-0.20%
23-Jan-18,"7,731.83","7,715.44","7,745.22","7,710.03",765.38M,0.21%
24-Jan-18,"7,643.43","7,731.83","7,731.98","7,643.43",769.85M,-1.14%
25-Jan-18,"7,615.84","7,643.43","7,662.35","7,608.53",735.31M,-0.36%
26-Jan-18,"7,665.54","7,615.84","7,667.40","7,615.84",735.67M,0.65%
29-Jan-18,"7,671.53","7,665.54","7,689.15","7,663.93",631.88M,0.08%
30-Jan-18,"7,587.98","7,671.53","7,671.67","7,587.12",823.71M,-1.09%
31-Jan-18,"7,533.55","7,587.98","7,599.01","7,521.77",907.20M,-0.72%
01-Feb-18,"7,490.39","7,533.55","7,554.73","7,476.51",899.49M,-0.57%
02-Feb-18,"7,443.43","7,490.39","7,494.76","7,432.25",898.53M,-0.63%
05-Feb-18,"7,334.98","7,443.43","7,443.43","7,334.79",916.49M,-1.46%
06-Feb-18,"7,141.40","7,334.98","7,334.98","7,079.41",1.40B,-2.64%
07-Feb-18,"7,279.42","7,141.40","7,311.50","7,141.40",1.06B,1.93%
08-Feb-18,"7,170.69","7,279.42","7,279.42","7,161.31",1.00B,-1.49%
09-Feb-18,"7,092.43","7,170.69","7,170.69","7,073.03",955.73M,-1.09%
12-Feb-18,"7,177.06","7,092.43","7,199.93","7,092.43",737.67M,1.19%
13-Feb-18,"7,168.01","7,177.06","7,202.99","7,165.83",740.99M,-0.13%
14-Feb-18,"7,213.97","7,168.01","7,243.15","7,145.73",969.40M,0.64%
15-Feb-18,"7,234.81","7,213.97","7,267.96","7,206.69",770.03M,0.29%
16-Feb-18,"7,294.70","7,234.81","7,307.97","7,234.81",671.91M,0.83%
19-Feb-18,"7,247.66","7,294.70","7,306.21","7,239.98",520.05M,-0.64%
20-Feb-18,"7,246.77","7,247.66","7,264.78","7,202.14",699.56M,-0.01%
21-Feb-18,"7,281.57","7,246.77","7,291.80","7,220.55",930.80M,0.48%
22-Feb-18,"7,252.39","7,281.57","7,281.57","7,187.76",952.98M,-0.40%
23-Feb-18,"7,244.41","7,252.39","7,262.05","7,220.81",695.74M,-0.11%
26-Feb-18,"7,289.58","7,244.41","7,312.98","7,244.31",603.89M,0.62%
27-Feb-18,"7,282.45","7,289.58","7,326.02","7,272.87",740.36M,-0.10%
28-Feb-18,"7,231.91","7,282.45","7,293.36","7,231.91",948.41M,-0.69%
01-Mar-18,"7,175.64","7,231.91","7,231.91","7,153.39",886.34M,-0.78%
02-Mar-18,"7,069.90","7,175.64","7,175.64","7,063.42",938.59M,-1.47%
05-Mar-18,"7,115.98","7,069.90","7,119.21","7,062.13",956.92M,0.65%
06-Mar-18,"7,146.75","7,115.98","7,197.80","7,115.60",810.45M,0.43%
07-Mar-18,"7,157.84","7,146.75","7,180.71","7,109.56",889.06M,0.16%
08-Mar-18,"7,203.24","7,157.84","7,212.14","7,145.70",734.71M,0.63%
09-Mar-18,"7,224.51","7,203.24","7,225.28","7,189.74",671.26M,0.30%
12-Mar-18,"7,214.76","7,224.51","7,254.87","7,198.18",631.27M,-0.13%
13-Mar-18,"7,138.78","7,214.76","7,224.13","7,125.60",790.45M,-1.05%
14-Mar-18,"7,132.69","7,138.78","7,176.51","7,122.76",775.44M,-0.09%
15-Mar-18,"7,139.76","7,132.69","7,162.58","7,127.08",833.05M,0.10%
16-Mar-18,"7,164.14","7,139.76","7,187.27","7,131.31",1.42B,0.34%
19-Mar-18,"7,042.93","7,164.14","7,164.19","7,034.91",750.73M,-1.69%
20-Mar-18,"7,061.27","7,042.93","7,081.50","7,042.60",764.83M,0.26%
21-Mar-18,"7,038.97","7,061.27","7,065.66","7,016.79",785.55M,-0.32%
22-Mar-18,"6,952.59","7,038.97","7,038.97","6,914.45",887.62M,-1.23%
23-Mar-18,"6,921.94","6,952.59","6,952.82","6,876.96",906.20M,-0.44%
26-Mar-18,"6,888.69","6,921.94","6,958.47","6,866.94",788.73M,-0.48%
27-Mar-18,"7,000.14","6,888.69","7,042.37","6,888.69",712.08M,1.62%
28-Mar-18,"7,044.74","7,000.14","7,044.74","6,923.33",785.93M,0.64%
29-Mar-18,"7,056.61","7,044.74","7,109.93","7,042.73",900.25M,0.17%
03-Apr-18,"7,030.46","7,056.61","7,064.98","6,996.76",814.72M,-0.37%
04-Apr-18,"7,034.01","7,030.46","7,046.26","6,971.75",818.65M,0.05%
05-Apr-18,"7,199.50","7,034.01","7,199.50","7,034.01",819.22M,2.35%
06-Apr-18,"7,183.64","7,199.50","7,214.02","7,163.11",676.29M,-0.22%
09-Apr-18,"7,194.75","7,183.64","7,209.68","7,145.57",691.58M,0.15%
10-Apr-18,"7,266.75","7,194.75","7,266.75","7,194.75",778.17M,1.00%
11-Apr-18,"7,257.14","7,266.75","7,270.28","7,243.32",789.65M,-0.13%
12-Apr-18,"7,258.34","7,257.14","7,266.64","7,240.76",687.15M,0.02%
13-Apr-18,"7,264.56","7,258.34","7,274.99","7,249.07",677.12M,0.09%
16-Apr-18,"7,198.20","7,264.56","7,265.83","7,195.46",889.30M,-0.91%
17-Apr-18,"7,226.05","7,198.20","7,240.41","7,189.85",735.88M,0.39%
18-Apr-18,"7,317.34","7,226.05","7,325.59","7,226.05",904.18M,1.26%
19-Apr-18,"7,328.92","7,317.34","7,340.73","7,309.42",811.86M,0.16%
20-Apr-18,"7,368.17","7,328.92","7,368.17","7,323.31",792.27M,0.54%
23-Apr-18,"7,398.87","7,368.17","7,404.11","7,359.73",799.46M,0.42%
24-Apr-18,"7,425.40","7,398.87","7,439.58","7,397.29",862.03M,0.36%
25-Apr-18,"7,379.32","7,425.40","7,427.13","7,334.64",906.77M,-0.62%
26-Apr-18,"7,421.43","7,379.32","7,421.43","7,355.00",839.86M,0.57%
27-Apr-18,"7,502.21","7,421.43","7,507.12","7,421.28",773.11M,1.09%
30-Apr-18,"7,509.30","7,502.21","7,546.16","7,497.11",1.02B,0.09%
01-May-18,"7,520.36","7,509.30","7,549.07","7,506.57",584.61M,0.15%
02-May-18,"7,543.20","7,520.36","7,572.98","7,519.62",855.11M,0.30%
03-May-18,"7,502.69","7,543.20","7,555.18","7,492.39",745.26M,-0.54%
04-May-18,"7,567.14","7,502.69","7,570.22","7,502.69",886.34M,0.86%
08-May-18,"7,565.75","7,567.14","7,598.51","7,550.44",896.88M,-0.02%
09-May-18,"7,662.52","7,565.75","7,662.52","7,565.75",918.68M,1.28%
10-May-18,"7,700.97","7,662.52","7,706.87","7,631.58",901.48M,0.50%
11-May-18,"7,724.55","7,700.97","7,728.89","7,691.69",754.16M,0.31%
14-May-18,"7,710.98","7,724.55","7,727.96","7,688.57",772.86M,-0.18%
15-May-18,"7,722.98","7,710.98","7,752.02","7,687.49",1.06B,0.16%
16-May-18,"7,734.20","7,722.98","7,745.53","7,717.76",959.90M,0.15%
17-May-18,"7,787.97","7,734.20","7,788.23","7,713.85",802.62M,0.70%
18-May-18,"7,778.79","7,787.97","7,791.41","7,753.27",927.55M,-0.12%
21-May-18,"7,859.17","7,778.79","7,868.12","7,778.12",713.10M,1.03%
22-May-18,"7,877.45","7,859.17","7,903.50","7,854.58",829.87M,0.23%
23-May-18,"7,788.44","7,877.45","7,877.45","7,765.32",944.43M,-1.13%
24-May-18,"7,716.74","7,788.44","7,803.45","7,716.74",917.82M,-0.92%
25-May-18,"7,730.28","7,716.74","7,753.32","7,703.26",852.47M,0.18%
29-May-18,"7,632.64","7,730.28","7,730.28","7,610.66",1.33B,-1.26%
30-May-18,"7,689.57","7,632.64","7,689.57","7,618.12",950.54M,0.75%
31-May-18,"7,678.20","7,689.57","7,727.45","7,651.12",1.59B,-0.15%
01-Jun-18,"7,701.77","7,678.20","7,746.73","7,678.20",807.70M,0.31%
04-Jun-18,"7,741.29","7,701.77","7,772.12","7,701.70",743.52M,0.51%
05-Jun-18,"7,686.80","7,741.29","7,744.46","7,686.61",962.54M,-0.70%
06-Jun-18,"7,712.37","7,686.80","7,730.48","7,671.62",909.67M,0.33%
07-Jun-18,"7,704.40","7,712.37","7,756.66","7,698.15",1.09B,-0.10%
08-Jun-18,"7,681.07","7,704.40","7,714.32","7,637.52",778.85M,-0.30%
11-Jun-18,"7,737.43","7,681.07","7,756.02","7,681.07",758.83M,0.73%
12-Jun-18,"7,703.81","7,737.43","7,762.77","7,701.33",797.69M,-0.43%
13-Jun-18,"7,703.71","7,703.81","7,746.70","7,677.17",877.98M,-0.00%
14-Jun-18,"7,765.79","7,703.71","7,793.45","7,650.16",1.15B,0.81%
15-Jun-18,"7,633.91","7,765.79","7,781.00","7,633.91",1.76B,-1.70%
18-Jun-18,"7,631.33","7,633.91","7,645.47","7,601.60",683.91M,-0.03%
19-Jun-18,"7,603.85","7,631.33","7,631.33","7,548.84",921.29M,-0.36%
20-Jun-18,"7,627.40","7,603.85","7,705.20","7,603.85",870.10M,0.31%
21-Jun-18,"7,556.44","7,627.40","7,670.78","7,548.12",801.61M,-0.93%
22-Jun-18,"7,682.27","7,556.44","7,689.44","7,556.20",738.42M,1.67%
25-Jun-18,"7,509.84","7,682.27","7,682.27","7,508.32",815.82M,-2.24%
26-Jun-18,"7,537.92","7,509.84","7,564.05","7,509.84",1.12B,0.37%
27-Jun-18,"7,621.69","7,537.92","7,633.92","7,512.03",1.69B,1.11%
28-Jun-18,"7,615.63","7,621.69","7,632.17","7,576.01",815.21M,-0.08%
29-Jun-18,"7,636.93","7,615.63","7,706.64","7,615.63",926.73M,0.28%
02-Jul-18,"7,547.85","7,636.93","7,636.93","7,540.71",802.39M,-1.17%
03-Jul-18,"7,593.29","7,547.85","7,632.12","7,544.98",1.05B,0.60%
04-Jul-18,"7,573.09","7,593.29","7,593.29","7,560.81",591.92M,-0.27%
05-Jul-18,"7,603.22","7,573.09","7,624.82","7,572.69",631.12M,0.40%
06-Jul-18,"7,617.70","7,603.22","7,631.19","7,569.70",684.00M,0.19%
09-Jul-18,"7,687.99","7,617.70","7,697.46","7,617.70",697.51M,0.92%
10-Jul-18,"7,692.04","7,687.99","7,715.07","7,677.06",723.21M,0.05%
11-Jul-18,"7,591.96","7,692.04","7,692.04","7,578.18",816.82M,-1.30%
12-Jul-18,"7,651.33","7,591.96","7,662.96","7,591.96",769.26M,0.78%
13-Jul-18,"7,661.87","7,651.33","7,716.24","7,651.33",592.17M,0.14%
16-Jul-18,"7,600.45","7,661.87","7,667.71","7,564.96",608.96M,-0.80%
17-Jul-18,"7,626.33","7,600.45","7,641.10","7,581.83",746.77M,0.34%
18-Jul-18,"7,676.28","7,626.33","7,685.68","7,625.75",671.52M,0.65%
19-Jul-18,"7,683.97","7,676.28","7,702.85","7,660.02",716.90M,0.10%
20-Jul-18,"7,678.79","7,683.97","7,705.80","7,631.66",706.25M,-0.07%
23-Jul-18,"7,655.79","7,678.79","7,678.79","7,621.75",591.25M,-0.30%
24-Jul-18,"7,709.05","7,655.79","7,740.64","7,648.59",878.89M,0.70%
25-Jul-18,"7,658.26","7,709.05","7,710.25","7,640.59",698.48M,-0.66%
26-Jul-18,"7,663.17","7,658.26","7,684.72","7,640.94",607.06M,0.06%
27-Jul-18,"7,701.31","7,663.17","7,717.22","7,663.16",788.38M,0.50%
30-Jul-18,"7,700.85","7,701.31","7,718.06","7,659.91",755.66M,-0.01%
31-Jul-18,"7,748.76","7,700.85","7,782.90","7,695.76",943.37M,0.62%
01-Aug-18,"7,652.91","7,748.76","7,751.10","7,634.66",1.01B,-1.24%
02-Aug-18,"7,575.93","7,652.91","7,652.91","7,549.34",1.04B,-1.01%
03-Aug-18,"7,659.10","7,575.93","7,665.16","7,575.93",670.04M,1.10%
06-Aug-18,"7,663.78","7,659.10","7,681.86","7,636.60",838.43M,0.06%
07-Aug-18,"7,718.48","7,663.78","7,752.08","7,663.20",696.34M,0.71%
08-Aug-18,"7,776.65","7,718.48","7,790.17","7,707.30",621.15M,0.75%
09-Aug-18,"7,741.77","7,776.65","7,776.77","7,714.52",582.94M,-0.45%
10-Aug-18,"7,667.01","7,741.77","7,741.77","7,657.72",684.69M,-0.97%
13-Aug-18,"7,642.45","7,667.01","7,667.33","7,614.48",612.15M,-0.32%
14-Aug-18,"7,611.64","7,642.45","7,665.24","7,599.66",787.26M,-0.40%
15-Aug-18,"7,497.87","7,611.64","7,632.07","7,477.05",994.26M,-1.49%
16-Aug-18,"7,556.38","7,497.87","7,565.18","7,497.87",795.28M,0.78%
17-Aug-18,"7,558.59","7,556.38","7,577.68","7,514.26",621.37M,0.03%
20-Aug-18,"7,591.26","7,558.59","7,616.15","7,558.59",576.84M,0.43%
21-Aug-18,"7,565.70","7,591.26","7,601.65","7,557.34",560.35M,-0.34%
22-Aug-18,"7,574.24","7,565.70","7,607.23","7,531.24",630.16M,0.11%
23-Aug-18,"7,563.22","7,574.24","7,602.10","7,560.85",592.64M,-0.15%
24-Aug-18,"7,577.49","7,563.22","7,587.19","7,557.67",523.57M,0.19%
28-Aug-18,"7,617.22","7,577.49","7,636.72","7,577.49",603.83M,0.52%
29-Aug-18,"7,563.21","7,617.22","7,635.74","7,545.08",709.98M,-0.71%
30-Aug-18,"7,516.03","7,563.21","7,563.21","7,497.54",642.44M,-0.62%
31-Aug-18,"7,432.42","7,516.03","7,516.46","7,428.67",838.07M,-1.11%
03-Sep-18,"7,504.60","7,432.42","7,516.06","7,432.18",468.85M,0.97%
04-Sep-18,"7,457.86","7,504.60","7,535.12","7,437.65",672.99M,-0.62%
05-Sep-18,"7,383.28","7,457.86","7,457.86","7,357.98",792.99M,-1.00%
06-Sep-18,"7,318.96","7,383.28","7,397.74","7,313.12",743.69M,-0.87%
07-Sep-18,"7,277.70","7,318.96","7,328.30","7,227.07",889.09M,-0.56%
10-Sep-18,"7,279.30","7,277.70","7,307.85","7,256.51",717.86M,0.02%
11-Sep-18,"7,273.54","7,279.30","7,280.48","7,220.50",664.03M,-0.08%
12-Sep-18,"7,313.36","7,273.54","7,325.25","7,250.84",698.11M,0.55%
13-Sep-18,"7,281.57","7,313.36","7,319.57","7,275.14",681.15M,-0.43%
14-Sep-18,"7,304.04","7,281.57","7,323.83","7,281.57",595.14M,0.31%
17-Sep-18,"7,302.10","7,304.04","7,318.77","7,267.83",640.19M,-0.03%
18-Sep-18,"7,300.23","7,302.10","7,320.07","7,281.98",722.03M,-0.03%
19-Sep-18,"7,331.12","7,300.23","7,346.11","7,279.92",-,0.42%
20-Sep-18,"7,367.32","7,331.12","7,368.43","7,324.01",891.66M,0.49%
21-Sep-18,"7,490.23","7,367.32","7,495.26","7,367.32",1.55B,1.67%
24-Sep-18,"7,458.41","7,490.23","7,491.25","7,450.53",710.21M,-0.42%
25-Sep-18,"7,507.56","7,458.41","7,515.94","7,455.22",791.70M,0.66%
26-Sep-18,"7,511.49","7,507.56","7,522.06","7,490.20",693.15M,0.05%
27-Sep-18,"7,545.44","7,511.49","7,552.02","7,490.94",666.22M,0.45%
28-Sep-18,"7,510.20","7,545.44","7,548.36","7,474.67",943.92M,-0.47%
01-Oct-18,"7,495.67","7,510.20","7,526.20","7,466.67",746.18M,-0.19%
02-Oct-18,"7,474.55","7,495.67","7,495.67","7,444.80",843.12M,-0.28%
03-Oct-18,"7,510.28","7,474.55","7,524.06","7,474.55",849.12M,0.48%
04-Oct-18,"7,418.34","7,510.28","7,510.28","7,411.31",826.76M,-1.22%
05-Oct-18,"7,318.54","7,418.34","7,421.12","7,318.54",758.63M,-1.35%
08-Oct-18,"7,233.33","7,318.54","7,319.84","7,233.33",695.80M,-1.16%
09-Oct-18,"7,237.59","7,233.33","7,247.64","7,184.28",789.69M,0.06%
10-Oct-18,"7,145.74","7,237.59","7,242.31","7,145.74",1.06B,-1.27%
11-Oct-18,"7,006.93","7,145.74","7,145.74","6,998.02",1.21B,-1.94%
12-Oct-18,"6,995.91","7,006.93","7,073.99","6,994.78",903.68M,-0.16%
15-Oct-18,"7,029.22","6,995.91","7,038.23","6,961.28",674.96M,0.48%
16-Oct-18,"7,059.40","7,029.22","7,062.08","6,998.93",786.10M,0.43%
17-Oct-18,"7,054.60","7,059.40","7,089.03","7,019.41",707.14M,-0.07%
18-Oct-18,"7,026.99","7,054.60","7,078.76","7,026.74",692.86M,-0.39%
19-Oct-18,"7,049.80","7,026.99","7,070.38","7,012.56",800.35M,0.32%
22-Oct-18,"7,042.80","7,049.80","7,114.12","7,042.05",806.70M,-0.10%
23-Oct-18,"6,955.21","7,042.80","7,042.80","6,928.65",1.01B,-1.24%
24-Oct-18,"6,962.98","6,955.21","7,049.83","6,955.21",797.99M,0.11%
25-Oct-18,"7,004.10","6,962.98","7,004.10","6,885.99",853.93M,0.59%
26-Oct-18,"6,939.56","7,004.10","7,004.16","6,851.59",803.06M,-0.92%
29-Oct-18,"7,026.32","6,939.56","7,085.88","6,939.56",804.71M,1.25%
30-Oct-18,"7,035.85","7,026.32","7,060.06","6,983.68",774.72M,0.14%
31-Oct-18,"7,128.10","7,035.85","7,161.54","7,035.85",923.08M,1.31%
01-Nov-18,"7,114.66","7,128.10","7,165.61","7,085.74",1.06B,-0.19%
02-Nov-18,"7,094.12","7,114.66","7,196.39","7,094.12",824.95M,-0.29%
05-Nov-18,"7,103.84","7,094.12","7,140.37","7,077.40",570.49M,0.14%
06-Nov-18,"7,040.68","7,103.84","7,117.50","7,027.45",666.52M,-0.89%
07-Nov-18,"7,117.28","7,040.68","7,136.75","7,040.68",698.98M,1.09%
08-Nov-18,"7,140.68","7,117.28","7,171.69","7,115.01",697.80M,0.33%
09-Nov-18,"7,105.34","7,140.68","7,140.68","7,070.80",672.89M,-0.49%
12-Nov-18,"7,053.08","7,105.34","7,186.31","7,053.08",730.62M,-0.74%
13-Nov-18,"7,053.76","7,053.08","7,103.97","7,016.64",1.08B,0.01%
14-Nov-18,"7,033.79","7,053.76","7,113.59","6,979.68",953.79M,-0.28%
15-Nov-18,"7,038.01","7,033.79","7,081.88","6,979.57",1.29B,0.06%
16-Nov-18,"7,013.88","7,038.01","7,092.44","6,968.99",1.04B,-0.34%
19-Nov-18,"7,000.89","7,013.88","7,070.46","6,997.83",800.44M,-0.19%
20-Nov-18,"6,947.92","7,000.89","7,010.10","6,904.21",851.71M,-0.76%
21-Nov-18,"7,050.23","6,947.92","7,058.56","6,947.92",864.50M,1.47%
22-Nov-18,"6,960.32","7,050.23","7,050.43","6,944.95",786.80M,-1.28%
23-Nov-18,"6,952.86","6,960.32","6,987.53","6,912.30",707.66M,-0.11%
26-Nov-18,"7,036.00","6,952.86","7,050.96","6,952.86",826.83M,1.20%
27-Nov-18,"7,016.85","7,036.00","7,043.70","6,983.98",855.62M,-0.27%
28-Nov-18,"7,004.52","7,016.85","7,057.03","6,987.25",825.36M,-0.18%
29-Nov-18,"7,038.95","7,004.52","7,078.37","7,004.52",797.79M,0.49%
30-Nov-18,"6,980.24","7,038.95","7,042.07","6,965.60",1.22B,-0.83%
03-Dec-18,"7,062.41","6,980.24","7,145.49","6,980.24",891.14M,1.18%
04-Dec-18,"7,022.76","7,062.41","7,095.01","7,002.71",844.63M,-0.56%
05-Dec-18,"6,921.84","7,022.76","7,028.65","6,921.84",813.44M,-1.44%
06-Dec-18,"6,704.05","6,921.84","6,921.84","6,673.57",1.06B,-3.15%
07-Dec-18,"6,778.11","6,704.05","6,868.27","6,704.05",845.32M,1.10%
10-Dec-18,"6,721.54","6,778.11","6,815.84","6,719.17",891.07M,-0.83%
11-Dec-18,"6,806.94","6,721.54","6,857.58","6,721.54",867.26M,1.27%
12-Dec-18,"6,880.19","6,806.94","6,902.19","6,806.94",1.10B,1.08%
13-Dec-18,"6,877.50","6,880.19","6,908.48","6,848.98",757.82M,-0.04%
14-Dec-18,"6,845.17","6,877.50","6,877.50","6,788.65",736.01M,-0.47%
17-Dec-18,"6,773.24","6,845.17","6,845.17","6,761.38",734.72M,-1.05%
18-Dec-18,"6,701.59","6,773.24","6,773.24","6,701.59",880.78M,-1.06%
19-Dec-18,"6,765.94","6,701.59","6,785.16","6,698.15",777.37M,0.96%
20-Dec-18,"6,711.93","6,765.94","6,765.94","6,646.45",929.57M,-0.80%
21-Dec-18,"6,721.17","6,711.93","6,733.00","6,653.65",1.65B,0.14%
24-Dec-18,"6,685.99","6,721.17","6,721.17","6,661.04",198.77M,-0.52%
27-Dec-18,"6,584.68","6,685.99","6,728.49","6,536.53",608.36M,-1.52%
28-Dec-18,"6,733.97","6,584.68","6,742.48","6,584.68",515.16M,2.27%
31-Dec-18,"6,728.13","6,733.97","6,752.54","6,718.32",232.27M,-0.09%
02-Jan-19,"6,734.23","6,728.13","6,753.29","6,599.48",633.24M,0.09%
03-Jan-19,"6,692.66","6,734.23","6,753.14","6,685.09",694.92M,-0.62%
04-Jan-19,"6,837.42","6,692.66","6,850.37","6,692.50",658.88M,2.16%
07-Jan-19,"6,810.88","6,837.42","6,874.11","6,778.01",759.33M,-0.39%
08-Jan-19,"6,861.60","6,810.88","6,901.48","6,804.89",672.10M,0.74%
09-Jan-19,"6,906.63","6,861.60","6,938.31","6,861.60",887.29M,0.66%
10-Jan-19,"6,942.87","6,906.63","6,948.18","6,860.82",630.32M,0.52%
11-Jan-19,"6,918.18","6,942.87","7,001.94","6,902.65",701.51M,-0.36%
14-Jan-19,"6,855.02","6,918.18","6,918.21","6,841.74",704.57M,-0.91%
15-Jan-19,"6,895.02","6,855.02","6,910.45","6,849.63",708.58M,0.58%
16-Jan-19,"6,862.68","6,895.02","6,912.44","6,848.57",811.96M,-0.47%
17-Jan-19,"6,834.92","6,862.68","6,862.68","6,799.03",600.66M,-0.40%
18-Jan-19,"6,968.33","6,834.92","6,984.36","6,834.92",820.33M,1.95%
21-Jan-19,"6,970.59","6,968.33","6,987.93","6,954.52",488.78M,0.03%
22-Jan-19,"6,901.39","6,970.59","6,970.59","6,880.69",583.46M,-0.99%
23-Jan-19,"6,842.88","6,901.39","6,901.63","6,834.30",666.01M,-0.85%
24-Jan-19,"6,818.95","6,842.88","6,854.59","6,802.03",618.51M,-0.35%
25-Jan-19,"6,809.22","6,818.95","6,858.19","6,806.77",749.99M,-0.14%
28-Jan-19,"6,747.10","6,809.22","6,812.53","6,734.00",668.24M,-0.91%
29-Jan-19,"6,833.93","6,747.10","6,860.34","6,747.10",718.59M,1.29%
30-Jan-19,"6,941.63","6,833.93","6,967.70","6,833.93",771.90M,1.58%
31-Jan-19,"6,968.85","6,941.63","6,994.88","6,941.09",893.09M,0.39%
01-Feb-19,"7,020.22","6,968.85","7,024.45","6,968.85",645.35M,0.74%
04-Feb-19,"7,034.13","7,020.22","7,046.58","7,002.42",630.90M,0.20%
05-Feb-19,"7,177.37","7,034.13","7,180.71","7,033.57",683.46M,2.04%
06-Feb-19,"7,173.09","7,177.37","7,184.22","7,146.65",618.00M,-0.06%
07-Feb-19,"7,093.58","7,173.09","7,187.51","7,093.58",669.72M,-1.11%
08-Feb-19,"7,071.18","7,093.58","7,115.83","7,064.90",548.73M,-0.32%
11-Feb-19,"7,129.11","7,071.18","7,149.23","7,071.18",565.26M,0.82%
12-Feb-19,"7,133.14","7,129.11","7,168.61","7,121.72",542.97M,0.06%
13-Feb-19,"7,190.84","7,133.14","7,205.07","7,133.14",578.84M,0.81%
14-Feb-19,"7,197.01","7,190.84","7,232.83","7,183.01",535.04M,0.09%
15-Feb-19,"7,236.68","7,197.01","7,261.63","7,185.23",709.70M,0.55%
18-Feb-19,"7,219.47","7,236.68","7,242.09","7,209.70",453.43M,-0.24%
19-Feb-19,"7,179.17","7,219.47","7,219.53","7,162.80",643.41M,-0.56%
20-Feb-19,"7,228.62","7,179.17","7,234.16","7,177.95",887.89M,0.69%
21-Feb-19,"7,167.39","7,228.62","7,228.78","7,141.85",822.59M,-0.85%
22-Feb-19,"7,178.60","7,167.39","7,220.52","7,162.37",666.72M,0.16%
25-Feb-19,"7,183.74","7,178.60","7,210.70","7,158.19",664.87M,0.07%
26-Feb-19,"7,151.12","7,183.74","7,183.79","7,091.59",892.46M,-0.45%
27-Feb-19,"7,107.20","7,151.12","7,151.12","7,082.62",897.62M,-0.61%
28-Feb-19,"7,074.73","7,107.20","7,107.20","7,041.03",1.01B,-0.46%
01-Mar-19,"7,106.73","7,074.73","7,129.72","7,074.73",722.48M,0.45%
04-Mar-19,"7,134.39","7,106.73","7,166.19","7,106.73",654.23M,0.39%
05-Mar-19,"7,183.43","7,134.39","7,191.65","7,127.18",819.86M,0.69%
06-Mar-19,"7,196.00","7,183.43","7,211.83","7,170.25",816.15M,0.17%
07-Mar-19,"7,157.55","7,196.00","7,196.00","7,126.57",712.68M,-0.53%
08-Mar-19,"7,104.31","7,157.55","7,157.55","7,077.93",640.78M,-0.74%
11-Mar-19,"7,130.62","7,104.31","7,181.61","7,104.31",695.14M,0.37%
12-Mar-19,"7,151.15","7,130.62","7,166.55","7,083.22",775.29M,0.29%
13-Mar-19,"7,159.19","7,151.15","7,181.85","7,128.71",767.65M,0.11%
14-Mar-19,"7,185.43","7,159.19","7,215.45","7,148.08",815.71M,0.37%
15-Mar-19,"7,228.28","7,185.43","7,243.80","7,185.43",1.38B,0.60%
18-Mar-19,"7,299.19","7,228.28","7,299.19","7,228.19",662.83M,0.98%
19-Mar-19,"7,324.00","7,299.19","7,350.10","7,294.50",617.24M,0.34%
20-Mar-19,"7,291.01","7,324.00","7,341.57","7,291.01",771.73M,-0.45%
21-Mar-19,"7,355.31","7,291.01","7,370.61","7,290.62",731.35M,0.88%
22-Mar-19,"7,207.59","7,355.31","7,356.37","7,192.76",716.21M,-2.01%
25-Mar-19,"7,177.58","7,207.59","7,208.09","7,146.83",604.28M,-0.42%
26-Mar-19,"7,196.29","7,177.58","7,221.02","7,169.37",649.06M,0.26%
27-Mar-19,"7,194.19","7,196.29","7,222.64","7,160.14",699.73M,-0.03%
28-Mar-19,"7,234.33","7,194.19","7,265.47","7,190.87",585.60M,0.56%
29-Mar-19,"7,279.19","7,234.33","7,287.72","7,223.30",818.95M,0.62%
01-Apr-19,"7,317.38","7,279.19","7,352.15","7,279.19",718.29M,0.52%
02-Apr-19,"7,391.12","7,317.38","7,403.56","7,316.81",742.82M,1.01%
03-Apr-19,"7,418.28","7,391.12","7,418.31","7,380.93",908.00M,0.37%
04-Apr-19,"7,401.94","7,418.28","7,418.43","7,367.44",696.56M,-0.22%
05-Apr-19,"7,446.87","7,401.94","7,461.39","7,400.79",700.98M,0.61%
08-Apr-19,"7,451.89","7,446.87","7,459.93","7,420.41",588.84M,0.07%
09-Apr-19,"7,425.57","7,451.89","7,477.62","7,413.27",672.46M,-0.35%
10-Apr-19,"7,421.91","7,425.57","7,441.36","7,409.39",587.36M,-0.05%
11-Apr-19,"7,417.95","7,421.91","7,441.89","7,383.47",649.07M,-0.05%
12-Apr-19,"7,437.06","7,417.95","7,454.78","7,415.00",718.44M,0.26%
15-Apr-19,"7,436.87","7,437.06","7,447.08","7,420.27",527.42M,-0.00%
16-Apr-19,"7,469.92","7,436.87","7,485.93","7,436.87",642.95M,0.44%
17-Apr-19,"7,471.32","7,469.92","7,478.95","7,445.12",665.16M,0.02%
18-Apr-19,"7,459.88","7,471.32","7,475.91","7,437.87",536.60M,-0.15%
23-Apr-19,"7,523.07","7,459.88","7,528.93","7,459.88",795.96M,0.85%
24-Apr-19,"7,471.75","7,523.07","7,523.79","7,456.74",703.75M,-0.68%
25-Apr-19,"7,434.13","7,471.75","7,473.32","7,405.99",695.23M,-0.50%
26-Apr-19,"7,428.19","7,434.13","7,442.21","7,398.57",865.75M,-0.08%
29-Apr-19,"7,440.66","7,428.19","7,456.49","7,406.53",506.41M,0.17%
30-Apr-19,"7,418.22","7,440.66","7,451.32","7,394.07",774.32M,-0.30%
